config,use_seq,n_static,fold,test_year,val_year,horizon_h,plgbm,n_test,n_pos_test,auroc,auprc,f1,csi,pod,far,threshold,epochs_run,best_epoch,stop_reason,fold_sec
A_plgbm_doy,False,3,1,2021,2022,1,P_lgbm_r20,28366,612,0.7845324715603615,0.15778308830009907,0.2646675358539765,0.15251690458302028,0.33169934640522875,0.779826464208243,0.2530907094478607,21,6,early_stop,7.0
A_plgbm_doy,False,3,1,2021,2022,2,P_lgbm_r20,28366,433,0.7816618932022179,0.11964482604815059,0.22337278106508876,0.1257285595337219,0.34872979214780603,0.8356909684439608,0.21416711807250977,21,6,early_stop,7.0
A_plgbm_doy,False,3,1,2021,2022,3,P_lgbm_r20,28366,314,0.772283911316654,0.0653254856789821,0.17298187808896212,0.09467989179440937,0.3343949044585987,0.8833333333333333,0.19416368007659912,21,6,early_stop,7.1
A_plgbm_doy,False,3,2,2022,2023,1,P_lgbm_r20,35827,7978,0.8811537713667161,0.7177245129682244,0.6976109215017064,0.5356394129979035,0.7045625470042617,0.30920486665847363,0.04761596396565437,27,12,early_stop,2.6
A_plgbm_doy,False,3,2,2022,2023,2,P_lgbm_r20,35827,7296,0.883041581002689,0.6827962510822196,0.6803883495145631,0.5155974102413184,0.7203947368421053,0.3554083885209713,0.03705427050590515,27,12,early_stop,2.6
A_plgbm_doy,False,3,2,2022,2023,3,P_lgbm_r20,35827,6735,0.8833912250933501,0.6469900658529242,0.6618889865458725,0.4946443007275667,0.726800296956199,0.3923783515392254,0.03107231669127941,27,12,early_stop,2.6
A_plgbm_doy,False,3,3,2023,2024,1,P_lgbm_r20,30380,2589,0.8556064810253449,0.35612700152851207,0.42739299610894943,0.2717735550277118,0.5303205870992661,0.642075078206465,0.16185809671878815,18,3,early_stop,1.9
A_plgbm_doy,False,3,3,2023,2024,2,P_lgbm_r20,30380,2185,0.8547467518422494,0.2956525121579055,0.3790456119223243,0.2338410104011887,0.5762013729977117,0.7175863615971287,0.14269286394119263,18,3,early_stop,1.9
A_plgbm_doy,False,3,3,2023,2024,3,P_lgbm_r20,30380,1861,0.859505401708212,0.2587837369989117,0.3506950880444856,0.2126320521465498,0.5083288554540569,0.7323146576117714,0.13445799052715302,18,3,early_stop,1.9
A_plgbm_doy,False,3,4,2024,2025,1,P_lgbm_r20,25369,401,0.6571916292255584,0.1380610586690993,0.23714585519412382,0.13452380952380952,0.2817955112219451,0.7952898550724637,0.22481797635555267,17,2,early_stop,1.8
A_plgbm_doy,False,3,4,2024,2025,2,P_lgbm_r20,25369,261,0.5758628472126849,0.07874532406234719,0.19679633867276888,0.10913705583756345,0.16475095785440613,0.7556818181818182,0.279344379901886,17,2,early_stop,1.8
A_plgbm_doy,False,3,4,2024,2025,3,P_lgbm_r20,25369,172,0.5180415534887413,0.051902501374455366,0.18243243243243243,0.10037174721189591,0.1569767441860465,0.782258064516129,0.3144019842147827,17,2,early_stop,1.9
A_plgbm_doy,False,3,5,2025,2021,1,P_lgbm_r20,26556,1734,0.8227190049902712,0.26023689220330937,0.34813874788494076,0.21075544174135724,0.4746251441753172,0.7251169004676019,0.16256941854953766,18,3,early_stop,1.9
A_plgbm_doy,False,3,5,2025,2021,2,P_lgbm_r20,26556,1466,0.8371043506677461,0.214413080641765,0.32401797928473713,0.193330223880597,0.5654843110504775,0.7729389208436045,0.15120892226696014,18,3,early_stop,1.9
A_plgbm_doy,False,3,5,2025,2021,3,P_lgbm_r20,26556,1262,0.8289628235030526,0.16410416088950452,0.2682526661197703,0.15490288962576979,0.5182250396196514,0.8190370780298838,0.12863828241825104,18,3,early_stop,1.9
B_static_all,False,7,1,2021,2022,1,P_lgbm_r20,28366,612,0.8479289153868653,0.12612653674585336,0.22498364944408109,0.12675018422991893,0.28104575163398693,0.8124318429661941,0.28090351819992065,27,12,early_stop,3.4
B_static_all,False,7,1,2021,2022,2,P_lgbm_r20,28366,433,0.853765803342194,0.07773576298573888,0.17966101694915254,0.09869646182495345,0.24480369515011546,0.85809906291834,0.26346632838249207,27,12,early_stop,3.4
B_static_all,False,7,1,2021,2022,3,P_lgbm_r20,28366,314,0.8611972101856334,0.05194842181156329,0.12151898734177215,0.0646900269541779,0.22929936305732485,0.9173363949483353,0.21119585633277893,27,12,early_stop,3.4
B_static_all,False,7,2,2022,2023,1,P_lgbm_r20,35827,7978,0.9363070385100914,0.8506966822309965,0.8081507624692016,0.6780645882221478,0.760591626974179,0.13794573092768858,0.15807142853736877,27,12,early_stop,2.6
B_static_all,False,7,2,2022,2023,2,P_lgbm_r20,35827,7296,0.9386930889884625,0.8247587558498499,0.8003975014196479,0.6672189349112426,0.7727521929824561,0.16990577149587752,0.13385218381881714,27,12,early_stop,2.7
B_static_all,False,7,2,2022,2023,3,P_lgbm_r20,35827,6735,0.9407572306517347,0.806262486138595,0.7927981995498875,0.6567238379318916,0.7845582776540461,0.19878695981804398,0.1179458349943161,27,12,early_stop,2.7
B_static_all,False,7,3,2023,2024,1,P_lgbm_r20,30380,2589,0.8371843345557086,0.34307451425514485,0.40341819476588925,0.25267618198037467,0.43762070297412126,0.6258256274768824,0.24359387159347534,19,4,early_stop,2.0
B_static_all,False,7,3,2023,2024,2,P_lgbm_r20,30380,2185,0.8406519568078309,0.2953575298018294,0.36969824857564887,0.22676676158426093,0.40091533180778033,0.6570086139389193,0.24183276295661926,19,4,early_stop,2.0
B_static_all,False,7,3,2023,2024,3,P_lgbm_r20,30380,1861,0.8451952306690191,0.2681762231484426,0.3594743535396354,0.21912144702842376,0.45566899516389037,0.7031851592579629,0.1906324326992035,19,4,early_stop,2.0
B_static_all,False,7,4,2024,2025,1,P_lgbm_r20,25369,401,0.6016548064315341,0.024658534881571638,0.06389776357827476,0.033003300330033,0.09975062344139651,0.9529964747356052,0.2366429716348648,17,2,early_stop,1.8
B_static_all,False,7,4,2024,2025,2,P_lgbm_r20,25369,261,0.5810503223774444,0.018721028164722726,0.05088495575221239,0.026106696935300794,0.08812260536398467,0.9642301710730948,0.20884494483470917,17,2,early_stop,1.9
B_static_all,False,7,4,2024,2025,3,P_lgbm_r20,25369,172,0.5078326969526642,0.008272865909473187,0.02304147465437788,0.011655011655011656,0.0872093023255814,0.9867256637168141,0.18687964975833893,17,2,early_stop,1.9
B_static_all,False,7,5,2025,2021,1,P_lgbm_r20,26556,1734,0.871476121054573,0.33665662159896637,0.4661876584953508,0.3039404794709286,0.6361014994232987,0.6320880587058039,0.2733689546585083,21,6,early_stop,2.3
B_static_all,False,7,5,2025,2021,2,P_lgbm_r20,26556,1466,0.8817482710264873,0.29388606793004846,0.44429500112082493,0.2855907780979827,0.6759890859481582,0.6691151919866444,0.23431064188480377,21,6,early_stop,2.3
B_static_all,False,7,5,2025,2021,3,P_lgbm_r20,26556,1262,0.8945809013418992,0.2596917238289925,0.42489978778589954,0.2697604790419162,0.713946117274168,0.697549513259483,0.21391905844211578,21,6,early_stop,2.3
C_seq_only,True,6,1,2021,2022,1,P_lgbm_r20,28366,612,0.8554952451062816,0.1273633735909397,0.19644970414201182,0.1089238845144357,0.27124183006535946,0.8460111317254174,0.30102846026420593,45,30,early_stop,9.0
C_seq_only,True,6,1,2021,2022,2,P_lgbm_r20,28366,433,0.8580933806554103,0.10074253500315336,0.16945812807881774,0.09257265877287406,0.19861431870669746,0.852233676975945,0.3311581313610077,45,30,early_stop,9.0
C_seq_only,True,6,1,2021,2022,3,P_lgbm_r20,28366,314,0.8636060101304129,0.08507812651407742,0.16353591160220995,0.08904933814681107,0.2356687898089172,0.8747884940778342,0.2951864004135132,45,30,early_stop,9.0
C_seq_only,True,6,2,2022,2023,1,P_lgbm_r20,35827,7978,0.9344824560226176,0.844672045751017,0.7663634066211776,0.6212229847382976,0.7602155928804212,0.22738853503184714,0.28292006254196167,43,28,early_stop,7.3
C_seq_only,True,6,2,2022,2023,2,P_lgbm_r20,35827,7296,0.9431477119070854,0.8531108724703129,0.7805804176837537,0.6401245551601423,0.7889254385964912,0.22758990874932905,0.2637539207935333,43,28,early_stop,7.3
C_seq_only,True,6,2,2022,2023,3,P_lgbm_r20,35827,6735,0.9457153794464704,0.8471627369191821,0.7681730287187567,0.6236046511627907,0.7962880475129919,0.25802434975096844,0.2243533581495285,43,28,early_stop,7.3
C_seq_only,True,6,3,2023,2024,1,P_lgbm_r20,30380,2589,0.8849841125682112,0.40568642276999517,0.46505082095387024,0.3029747351263244,0.5743530320587099,0.6093011035207567,0.15613359212875366,108,93,early_stop,21.7
C_seq_only,True,6,3,2023,2024,2,P_lgbm_r20,30380,2185,0.8903852339237648,0.3843126832316252,0.4482269503546099,0.28884826325411334,0.5784897025171625,0.6341534008683068,0.13347458839416504,108,93,early_stop,21.7
C_seq_only,True,6,3,2023,2024,3,P_lgbm_r20,30380,1861,0.9000250292710013,0.3669734791231307,0.43783783783783786,0.28027681660899656,0.5658248253627082,0.6429298067141404,0.12599870562553406,108,93,early_stop,21.7
C_seq_only,True,6,4,2024,2025,1,P_lgbm_r20,25369,401,0.8289158252238675,0.07643438105413539,0.16286644951140064,0.08865248226950355,0.3740648379052369,0.8959056210964608,0.17233775556087494,79,64,early_stop,15.3
C_seq_only,True,6,4,2024,2025,2,P_lgbm_r20,25369,261,0.8043849802569375,0.04575210057525995,0.10658682634730539,0.056293485135989876,0.34099616858237547,0.9368346344925479,0.13678158819675446,79,64,early_stop,15.3
C_seq_only,True,6,4,2024,2025,3,P_lgbm_r20,25369,172,0.7799862663606132,0.02615236290545017,0.06927710843373494,0.0358814352574103,0.13372093023255813,0.9532520325203252,0.19940663874149323,79,64,early_stop,15.3
C_seq_only,True,6,5,2025,2021,1,P_lgbm_r20,26556,1734,0.9044924894080919,0.4534793809430646,0.4765533411488863,0.3128126202385533,0.4688581314878893,0.5154946364719905,0.3447004556655884,99,84,early_stop,20.3
C_seq_only,True,6,5,2025,2021,2,P_lgbm_r20,26556,1466,0.910828928544824,0.44866955642270756,0.4629803186504217,0.30121951219512194,0.5054570259208732,0.5729106628242074,0.29587075114250183,99,84,early_stop,20.4
C_seq_only,True,6,5,2025,2021,3,P_lgbm_r20,26556,1262,0.9190530768620608,0.4485940956323155,0.4682681964861958,0.3057116104868914,0.5174326465927099,0.5723641126391618,0.28064462542533875,99,84,early_stop,20.4
D_full,True,7,1,2021,2022,1,P_lgbm_r20,28366,612,0.8753848588509412,0.15871206719759925,0.2680652680652681,0.15477792732166892,0.3758169934640523,0.7916666666666666,0.3534034490585327,49,34,early_stop,8.3
D_full,True,7,1,2021,2022,2,P_lgbm_r20,28366,433,0.8796957153082157,0.12212342991391711,0.21456436931079323,0.12017479970866715,0.3810623556581986,0.8506787330316742,0.28998610377311707,49,34,early_stop,8.4
D_full,True,7,1,2021,2022,3,P_lgbm_r20,28366,314,0.8865777931975285,0.1033308646483415,0.1797175866495507,0.09873060648801128,0.2229299363057325,0.8494623655913979,0.3786027729511261,49,34,early_stop,8.4
D_full,True,7,2,2022,2023,1,P_lgbm_r20,35827,7978,0.9345762743843462,0.8531454118487325,0.7752015499031311,0.6329217267068068,0.7773878164953623,0.2269724541941917,0.21528759598731995,34,19,early_stop,6.4
D_full,True,7,2,2022,2023,2,P_lgbm_r20,35827,7296,0.9387382965289524,0.8508325666356631,0.770316103649437,0.6264342453662842,0.778234649122807,0.2374429223744292,0.20784014463424683,34,19,early_stop,6.4
D_full,True,7,2,2022,2023,3,P_lgbm_r20,35827,6735,0.9383678315756552,0.828258472768026,0.7489569846065315,0.5986660533578657,0.7729769858945805,0.27361518068927027,0.1909242868423462,34,19,early_stop,6.4
D_full,True,7,3,2023,2024,1,P_lgbm_r20,30380,2589,0.8836906957896383,0.4538355057591146,0.47630473905218956,0.3125984251968504,0.4600231749710313,0.5062189054726368,0.3941780924797058,23,8,early_stop,4.2
D_full,True,7,3,2023,2024,2,P_lgbm_r20,30380,2185,0.8855139367343235,0.4064920300782703,0.4554771122751082,0.29489826010026543,0.4576659038901602,0.5466908431550317,0.37782105803489685,23,8,early_stop,4.2
D_full,True,7,3,2023,2024,3,P_lgbm_r20,30380,1861,0.8905272650326783,0.3769535235167032,0.44187963726298435,0.28359788359788357,0.4320257925846319,0.547806524184477,0.4043048620223999,23,8,early_stop,4.2
D_full,True,7,4,2024,2025,1,P_lgbm_r20,25369,401,0.8427013010568739,0.11446373939733698,0.2111368909512761,0.11802853437094682,0.22693266832917705,0.8026030368763557,0.27096304297447205,82,67,early_stop,16.0
D_full,True,7,4,2024,2025,2,P_lgbm_r20,25369,261,0.8241338414219155,0.06813917969355553,0.16538461538461538,0.09014675052410902,0.16475095785440613,0.833976833976834,0.2844164967536926,82,67,early_stop,16.1
D_full,True,7,4,2024,2025,3,P_lgbm_r20,25369,172,0.7940759374270284,0.03870639206853385,0.12427184466019417,0.06625258799171843,0.18604651162790697,0.9067055393586005,0.19748073816299438,82,67,early_stop,16.1
D_full,True,7,5,2025,2021,1,P_lgbm_r20,26556,1734,0.8972504764488324,0.44367179879692764,0.4581519109820997,0.2971446501411986,0.5461361014994233,0.6054166666666667,0.27998656034469604,76,61,early_stop,14.5
D_full,True,7,5,2025,2021,2,P_lgbm_r20,26556,1466,0.9035865835244145,0.44248002477473214,0.44386929796182467,0.28523908523908525,0.4679399727148704,0.5778461538461539,0.3196268379688263,76,61,early_stop,14.6
D_full,True,7,5,2025,2021,3,P_lgbm_r20,26556,1262,0.9127455732315388,0.43863625991650085,0.4448727833461835,0.2860684184432325,0.4572107765451664,0.5668168168168168,0.3215588629245758,76,61,early_stop,14.6
