fire_id,a,b,ha,yr
1,97.01473236083984,94.1263198852539,0.04,2021
2,26.71727752685547,1.4311522245407104,0.01,2021
3,22.980409622192383,2.485328197479248,0.01,2021
4,28.86119270324707,13.271761894226074,0.05,2021
5,10.932942390441895,5.620530128479004,0.13,2021
7,21.307470321655273,9.722250938415527,0.01,2021
8,25.998821258544922,0.4123689830303192,1.2,2021
10,51.197696685791016,14.574894905090332,0.1,2021
12,56.95676803588867,81.9536361694336,0.01,2021
13,72.90657806396484,86.51736450195312,0.03,2021
14,51.065765380859375,87.95647430419922,0.2,2021
15,6.482544898986816,8.635737419128418,0.02,2021
16,0.019835470244288445,1.308097004890442,1.4,2021
17,42.83853530883789,95.63125610351562,0.05,2021
18,76.29925537109375,94.4884262084961,0.01,2021
21,,,0.1,2021
22,71.37032318115234,77.6563949584961,0.01,2021
23,41.7199821472168,80.22866821289062,0.01,2021
24,14.791062355041504,29.639572143554688,0.03,2021
25,30.407012939453125,20.246971130371094,0.3,2021
28,4.387392044067383,3.109193801879883,10.0,2021
29,54.085662841796875,34.500118255615234,0.05,2021
30,0.32222601771354675,1.223623275756836,0.01,2021
31,4.623708248138428,9.83050537109375,0.04,2021
32,63.826866149902344,51.22492980957031,0.17,2021
33,8.46613597869873,42.08313751220703,0.1,2021
35,22.60543441772461,69.07987976074219,0.1,2021
38,49.0053825378418,44.62334442138672,0.01,2021
39,3.167163133621216,1.9127273559570312,0.03,2021
40,3.513673782348633,14.623160362243652,0.03,2021
41,58.11792755126953,63.45032501220703,1.5,2021
42,10.757230758666992,23.074934005737305,0.01,2021
43,77.40840148925781,90.1982192993164,0.09,2021
46,16.565654754638672,54.825164794921875,0.01,2021
47,3.401129722595215,65.99993133544922,0.3,2021
50,85.70899200439453,47.20376205444336,2.0,2021
54,51.74155044555664,27.350276947021484,0.01,2021
55,72.89424896240234,95.41506958007812,0.06,2021
56,4.8684844970703125,29.213294982910156,0.3,2021
57,13.916213035583496,7.568625450134277,0.1,2021
58,,,0.02,2021
60,96.04643249511719,39.836238861083984,0.03,2021
61,7.086741924285889,38.30575942993164,1.0,2021
67,36.74382781982422,65.00332641601562,0.33,2021
68,67.5647964477539,70.39636993408203,0.1,2021
69,46.016353607177734,25.965744018554688,1.0,2021
71,4.645054817199707,23.458086013793945,0.1,2021
73,,,2.0,2021
75,5.060947895050049,57.794803619384766,0.05,2021
76,46.06930160522461,25.369468688964844,20.0,2021
77,29.79563331604004,38.05154037475586,0.2,2021
78,24.204057693481445,13.105880737304688,4.4,2021
79,28.63109588623047,41.60624313354492,0.1,2021
80,1.157667636871338,4.293972015380859,0.03,2021
81,24.822460174560547,20.014118194580078,0.3,2021
84,,,0.7,2021
85,44.805213928222656,33.20356369018555,0.03,2021
88,35.03700256347656,44.83035659790039,0.03,2021
90,10.268287658691406,49.0311164855957,0.2,2021
92,82.92332458496094,82.68133544921875,0.13,2021
93,,,0.3,2021
94,30.424596786499023,79.67350006103516,0.4,2021
95,4.168051719665527,10.640844345092773,0.01,2021
96,4.013777732849121,43.896942138671875,0.5,2021
98,85.09889221191406,14.773530960083008,0.01,2021
99,63.629356384277344,44.87580108642578,0.5,2021
100,61.68306350708008,32.79726028442383,0.05,2021
102,67.7285385131836,83.91439056396484,0.02,2021
104,4.509507656097412,21.647705078125,0.1,2021
105,9.534038543701172,6.140504360198975,0.16,2021
106,4.09260892868042,9.75548267364502,0.1,2021
107,54.74739456176758,16.16344451904297,0.03,2021
108,5.454955101013184,4.706818580627441,0.06,2021
109,19.795793533325195,13.135492324829102,0.1,2021
110,,,1.5,2021
111,23.20046615600586,15.635293006896973,0.1,2021
112,40.570716857910156,28.4628849029541,0.17,2021
113,0.07850001007318497,1.3337045907974243,0.05,2021
116,9.387152671813965,22.62880516052246,0.03,2021
117,33.143924713134766,36.64507293701172,0.05,2021
118,0.5422297120094299,0.563186764717102,0.03,2021
119,33.007572174072266,64.94633483886719,0.03,2021
120,25.84292221069336,54.72037124633789,0.03,2021
121,3.775446891784668,22.636764526367188,0.02,2021
124,57.89363479614258,86.57716369628906,0.03,2021
125,75.21288299560547,43.60068130493164,0.01,2021
126,58.4456787109375,59.6772346496582,0.01,2021
127,72.06482696533203,5.548039436340332,0.1,2021
128,0.0021222298964858055,41.315040588378906,0.16,2021
129,50.177738189697266,74.45392608642578,0.1,2021
132,55.132877349853516,10.427576065063477,0.1,2021
133,23.121429443359375,1.6959269046783447,20.0,2021
134,15.504745483398438,39.776554107666016,55.0,2021
135,60.370277404785156,80.18978118896484,0.1,2021
136,56.254478454589844,67.3619613647461,250.0,2021
137,54.80234146118164,69.14755249023438,10.0,2021
138,66.51306915283203,32.48231887817383,0.1,2021
141,,,0.01,2021
142,51.939186096191406,26.962665557861328,12.0,2021
146,9.448166847229004,6.976034641265869,0.4,2021
148,59.42567825317383,1.1411644220352173,1.0,2021
150,1.7044535875320435,6.297752857208252,0.08,2021
151,31.63330078125,75.18822479248047,0.01,2021
153,68.27997589111328,14.398614883422852,0.1,2021
154,59.85769271850586,75.46721649169922,0.09,2021
157,,,0.02,2021
158,30.216325759887695,62.96586227416992,0.06,2021
159,,,0.01,2021
160,17.011119842529297,28.183948516845703,0.02,2021
161,68.53788757324219,71.44198608398438,0.02,2021
162,0.7263883948326111,3.8618721961975098,0.1,2021
164,4.472102165222168,18.860639572143555,0.1,2021
166,2.072288751602173,7.393833160400391,3.0,2021
169,4.9232707023620605,38.738651275634766,0.05,2021
170,7.741462707519531,0.7051455974578857,0.05,2021
171,38.3593864440918,30.914060592651367,0.03,2021
172,26.272050857543945,17.72850227355957,1.0,2021
173,87.19609832763672,76.30152893066406,0.01,2021
174,,,0.17,2021
175,0.05922691524028778,6.938579082489014,0.1,2021
178,0.8806992769241333,9.696722030639648,0.01,2021
179,2.3911144733428955,18.503183364868164,0.01,2021
184,51.525699615478516,39.59330749511719,0.3,2021
185,7.13532829284668,15.001579284667969,0.3,2021
187,66.8473892211914,86.66333770751953,1.5,2021
188,96.7042007446289,93.67630004882812,0.33,2021
191,5.351922512054443,60.88691711425781,0.02,2021
193,8.312292098999023,1.0827113389968872,0.2,2021
194,70.6159896850586,98.40248107910156,0.01,2021
197,18.632034301757812,16.97770118713379,1.0,2021
198,23.248825073242188,31.95326042175293,0.2,2021
199,75.40042114257812,79.93836975097656,0.5,2021
200,13.376813888549805,2.284196376800537,0.03,2021
204,49.68599319458008,85.9031753540039,0.1,2021
205,55.49658966064453,68.4000015258789,0.01,2021
213,19.022031784057617,2.407831907272339,0.06,2021
214,72.91667938232422,30.429719924926758,0.15,2021
215,31.29490089416504,10.80041217803955,0.1,2021
216,17.590518951416016,49.201820373535156,0.02,2021
219,,,0.01,2021
220,61.1572265625,14.952699661254883,0.01,2021
221,74.84565734863281,56.11662673950195,0.06,2021
222,14.713953018188477,20.945655822753906,0.01,2021
225,13.015376091003418,23.856382369995117,0.2,2021
226,38.90946578979492,11.079235076904297,0.02,2021
227,19.695886611938477,20.521976470947266,0.01,2021
228,66.13162994384766,67.44561004638672,0.02,2021
233,2.4543416500091553,4.81615686416626,0.4,2021
234,1.700570821762085,17.589582443237305,0.01,2021
235,59.29770278930664,39.44866943359375,0.01,2021
236,29.94876480102539,35.24164581298828,0.1,2021
237,0.04785846546292305,0.4083922505378723,0.5,2021
238,25.566789627075195,31.429452896118164,10.7,2021
239,3.2251288890838623,5.607682704925537,0.1,2021
240,1.0175241231918335,0.002658803714439273,0.5,2021
422,59.14628601074219,64.45597839355469,1.5,2021
423,,,0.01,2021
424,63.779518127441406,79.98746490478516,0.05,2021
3829,,,0.05,2024
3830,9.695530891418457,7.890055179595947,0.06,2024
3831,21.384714126586914,39.51108932495117,0.15,2024
3850,20.124828338623047,70.45196533203125,0.01,2024
3851,8.88308048248291,13.405705451965332,3.0,2024
3852,66.00962829589844,58.95576477050781,0.17,2024
3853,16.77846908569336,52.680206298828125,0.06,2024
3856,62.93537139892578,16.94023895263672,0.4,2024
3857,0.5154887437820435,28.50436019897461,0.4,2024
3858,,,0.1,2024
3859,58.62313461303711,32.476593017578125,0.2,2024
3861,94.39263916015625,97.28902435302734,0.82,2024
3862,73.51757049560547,45.25178146362305,2.0,2024
3863,47.17562484741211,42.404945373535156,0.2,2024
3864,47.82389831542969,60.26001739501953,0.4,2024
3865,9.375008583068848,83.05035400390625,0.2,2024
3866,1.209142804145813,6.337857723236084,1.15,2024
3872,28.187646865844727,22.969629287719727,0.05,2024
3873,35.67638397216797,70.56346130371094,0.05,2024
3874,3.294715166091919,18.913061141967773,0.05,2024
3875,83.69603729248047,71.79220581054688,0.08,2024
3876,56.7055549621582,68.80433654785156,2.0,2024
3877,53.165252685546875,61.613460540771484,0.39,2024
3878,27.77080535888672,6.048027992248535,0.1,2024
3879,52.49656295776367,91.48046112060547,0.15,2024
3882,51.899208068847656,74.09123992919922,0.5,2024
3883,,,0.15,2024
3884,4.668036937713623,9.416937828063965,2.5,2024
3887,,,0.07,2024
3888,33.09718704223633,72.69205474853516,2.0,2024
3889,6.750616073608398,18.48509979248047,0.03,2024
3890,70.62335968017578,65.98363494873047,0.02,2024
3891,0.1176198348402977,11.65852165222168,0.2,2024
3892,31.076412200927734,73.74246215820312,0.05,2024
3893,22.58681869506836,4.306465148925781,3.5,2024
3895,75.65737915039062,64.24479675292969,0.8,2024
3897,89.65176391601562,94.34517669677734,0.03,2024
3898,0.713919997215271,0.48243603110313416,3.85,2024
3902,1.6334161758422852,5.070356845855713,0.04,2024
3903,12.42460823059082,29.221487045288086,0.01,2024
3904,46.23414993286133,20.21808624267578,0.3,2024
3908,94.43053436279297,65.3244400024414,0.2,2024
3909,23.430776596069336,47.28308868408203,0.02,2024
3910,19.287443161010742,17.1989688873291,0.5,2024
3911,16.812541961669922,54.27120590209961,0.01,2024
3912,36.60794448852539,22.684385299682617,0.02,2024
3913,15.320180892944336,8.10451889038086,0.03,2024
3914,84.69049835205078,10.738500595092773,0.06,2024
3915,27.689172744750977,64.84370422363281,0.06,2024
3916,,,2.0,2024
3917,3.217885971069336,17.649024963378906,0.1,2024
3918,58.7890739440918,61.75366973876953,0.05,2024
3919,16.400226593017578,72.96906280517578,0.1,2024
3921,26.761198043823242,57.87995529174805,1.0,2024
3922,,,0.83,2024
3923,7.056025981903076,13.367158889770508,0.1,2024
3924,7.954712390899658,20.46758460998535,0.03,2024
3925,63.47454833984375,47.31129455566406,0.01,2024
3926,4.948927402496338,6.085926055908203,0.03,2024
3932,,,0.99,2024
3933,30.581287384033203,42.26255416870117,0.15,2024
3934,15.993584632873535,9.83983325958252,1.2,2024
3935,1.7733101844787598,2.681957483291626,0.6,2024
3936,,,0.2,2024
3937,12.434333801269531,10.835234642028809,0.3,2024
3938,0.17869283258914948,0.45331549644470215,0.1,2024
3940,83.65081787109375,92.09264373779297,0.03,2024
3941,50.00658416748047,73.02275848388672,0.01,2024
3942,23.11237144470215,11.875683784484863,0.03,2024
3944,1.0799496173858643,0.6580733060836792,0.02,2024
3946,65.02433776855469,64.09026336669922,0.33,2024
3947,19.786985397338867,48.053382873535156,0.33,2023
3948,,,0.1,2023
3950,49.79924774169922,33.25082015991211,0.04,2023
3953,43.91349792480469,97.26910400390625,0.01,2023
3954,89.29295349121094,93.79373931884766,0.2,2023
3955,56.491485595703125,80.94976806640625,0.03,2023
3956,11.759603500366211,64.79256439208984,2.0,2023
3959,0.7485449910163879,3.4689714908599854,0.01,2023
3960,7.707076549530029,4.109889030456543,0.06,2023
3961,8.791760444641113,7.139366626739502,0.02,2023
3962,27.847442626953125,1.4304287433624268,0.01,2023
3964,25.1839656829834,38.40682601928711,1.0,2023
3965,50.09429168701172,24.864315032958984,0.02,2023
3967,19.532407760620117,52.56766891479492,0.03,2023
3969,0.001069638878107071,0.7829756140708923,0.13,2023
3970,49.63361358642578,58.90621566772461,0.5,2023
3972,0.12585103511810303,0.07187670469284058,0.04,2023
3974,3.2045252323150635,2.180081844329834,0.03,2023
3975,28.229373931884766,47.90167999267578,0.05,2023
3978,43.62685012817383,19.017173767089844,0.01,2023
3980,,,0.01,2023
3981,22.786865234375,0.464459627866745,0.1,2023
3983,25.744874954223633,40.83830261230469,0.01,2023
3984,39.113582611083984,41.13154602050781,0.5,2023
3985,,,0.01,2023
4024,90.848388671875,95.4778060913086,0.04,2023
4025,20.287559509277344,30.047229766845703,3.0,2023
4026,1.540993571281433,35.958839416503906,1.93,2023
4027,36.78173828125,67.00480651855469,0.3,2023
4028,18.368621826171875,34.638179779052734,0.06,2023
4029,12.227296829223633,18.094947814941406,0.16,2023
4030,,,0.03,2023
4031,6.038796901702881,31.19325828552246,0.01,2023
4032,8.58522891998291,52.0489387512207,0.1,2023
4033,98.20962524414062,81.56788635253906,0.01,2023
4035,18.674440383911133,14.75539493560791,0.01,2023
4036,91.86972045898438,85.36576843261719,0.27,2023
4037,7.7574052810668945,12.024125099182129,1.0,2023
4038,23.25961685180664,61.980430603027344,1.0,2023
4039,16.416030883789062,43.89826965332031,0.5,2023
4042,9.341914176940918,22.197412490844727,0.02,2023
4043,52.007591247558594,21.678104400634766,0.03,2023
4044,68.81090545654297,40.859771728515625,47.0,2023
4045,0.7943941354751587,3.361682891845703,40.0,2023
4046,28.61563491821289,44.01211929321289,2.0,2023
4047,54.197811126708984,87.18717193603516,0.08,2023
4055,14.34874439239502,38.50449752807617,8.0,2023
4056,0.8810797333717346,7.597199440002441,1.7,2023
4057,,,0.1,2023
4058,0.521723747253418,6.107173442840576,0.15,2023
4059,30.302915573120117,59.9071159362793,0.3,2023
4064,54.91721725463867,21.24033546447754,0.5,2023
4065,51.023223876953125,24.97132682800293,0.2,2023
4066,11.485784530639648,13.912750244140625,0.03,2023
4067,52.49699783325195,13.350065231323242,0.2,2023
4068,17.213685989379883,22.5835018157959,0.03,2023
4069,9.103402137756348,8.435060501098633,0.1,2023
4071,63.15543746948242,81.9096450805664,0.02,2023
4072,46.3576545715332,56.49651336669922,0.15,2023
4073,1.6949061155319214,8.813029289245605,0.3,2023
4074,2.3531272411346436,14.434463500976562,0.5,2023
4078,52.686126708984375,84.63238525390625,0.2,2023
4079,8.123157501220703,8.275240898132324,0.1,2023
4080,61.72231674194336,94.9166259765625,0.2,2023
4081,42.27877426147461,66.68606567382812,0.03,2023
4087,13.163296699523926,1.315233826637268,0.8,2023
4088,17.974950790405273,38.81022262573242,0.02,2023
4089,26.810083389282227,12.982087135314941,0.1,2023
4090,24.540964126586914,60.687042236328125,0.01,2023
4092,0.06815812736749649,17.32285499572754,0.02,2023
4095,53.7115478515625,46.748348236083984,0.8,2023
4096,7.97727632522583,20.600608825683594,0.03,2023
4099,0.391649454832077,8.882020950317383,0.01,2023
4100,,,0.01,2023
4101,41.91504669189453,55.76679229736328,0.13,2023
4103,1.5271481275558472,42.9290885925293,2.5,2023
4104,1.7193447351455688,25.83080291748047,0.66,2023
4105,46.22770690917969,57.00595474243164,210.0,2023
4106,0.23844146728515625,22.560251235961914,0.8,2023
4107,21.500364303588867,15.471964836120605,0.07,2023
4108,27.5701961517334,35.27971267700195,0.5,2023
4109,51.29351806640625,20.67998504638672,190.0,2023
4110,54.656558990478516,4.226187705993652,475.0,2023
4111,3.5239617824554443,16.09747314453125,27.0,2023
4116,28.7982234954834,28.21013832092285,0.02,2023
4117,86.86166381835938,8.988067626953125,2.0,2023
4118,49.74311447143555,32.85386657714844,1.5,2023
4119,8.759783744812012,9.070399284362793,0.16,2023
4120,84.939697265625,2.4870622158050537,0.1,2023
4121,51.91488265991211,42.948333740234375,4.0,2023
4122,,,0.7,2023
4123,1.7832320928573608,4.715901851654053,15.0,2023
4124,3.2169549465179443,27.910215377807617,1.0,2023
4125,,,1.0,2023
4126,49.462703704833984,27.224830627441406,0.5,2023
4127,,,0.5,2023
4128,34.54051208496094,41.472591400146484,0.03,2023
4129,42.25004959106445,39.98057174682617,1.0,2023
4130,13.254240989685059,2.0973949432373047,0.04,2023
4131,,,0.07,2023
4155,13.126042366027832,59.53231430053711,0.05,2023
4156,40.737403869628906,2.04787015914917,0.03,2023
4157,26.776281356811523,54.364654541015625,70.0,2023
4158,66.55216979980469,12.137258529663086,4.0,2023
4159,28.46221351623535,59.382484436035156,889.36,2023
4160,31.59456443786621,7.766188144683838,0.2,2023
4161,3.8062422275543213,29.340330123901367,1.5,2023
4177,56.30934143066406,30.68276596069336,0.1,2023
4178,6.814828395843506,72.52015686035156,0.06,2023
4179,91.93896484375,25.534088134765625,0.3,2023
4180,6.966660976409912,24.91847038269043,0.26,2023
4181,6.639472007751465,41.59493637084961,0.33,2023
4184,37.92368698120117,9.00036334991455,0.22,2023
4185,82.17142486572266,16.878822326660156,0.5,2023
4189,53.9720458984375,20.817533493041992,0.01,2023
4191,4.381272315979004,1.1152913570404053,0.05,2023
4192,9.56561279296875,15.863829612731934,0.04,2023
4195,2.019326686859131,9.247446060180664,0.01,2023
4196,82.02317810058594,60.64426040649414,0.03,2023
4198,81.65461730957031,71.82518005371094,0.06,2023
4199,43.63029479980469,58.85615158081055,0.05,2023
4203,,,0.16,2023
4204,92.64187622070312,91.32588195800781,0.1,2023
4205,38.649925231933594,20.617231369018555,0.1,2023
4206,16.337270736694336,17.883161544799805,0.01,2022
4209,19.121105194091797,45.829864501953125,0.1,2022
4210,0.1573181003332138,3.4254143238067627,0.1,2022
4211,6.987545490264893,14.40530776977539,0.01,2022
4212,61.402217864990234,30.48198699951172,0.1,2022
4213,25.705724716186523,52.84898376464844,0.09,2022
4214,0.2833331227302551,1.4212138652801514,0.03,2022
4215,33.53096008300781,34.840877532958984,5.0,2022
4216,61.9688835144043,14.688908576965332,0.01,2022
4217,21.44676399230957,46.41044616699219,0.15,2022
4218,12.386392593383789,12.199644088745117,0.09,2022
4221,70.57429504394531,6.730432033538818,0.01,2022
4222,7.852795124053955,7.863764762878418,0.89,2022
4226,90.28519439697266,96.3860092163086,0.05,2022
4228,48.76676559448242,59.319847106933594,0.04,2022
4232,10.442051887512207,14.167740821838379,0.3,2022
4233,27.595645904541016,9.85597038269043,0.33,2022
4234,51.641056060791016,62.17150115966797,0.09,2022
4235,4.071347236633301,6.373767852783203,0.3,2022
4239,47.00033950805664,82.45968627929688,6.0,2022
4240,97.17839050292969,90.6866683959961,3.0,2022
4244,1.1246033906936646,46.62834548950195,0.01,2022
4245,65.77650451660156,16.073881149291992,0.3,2022
4246,50.19663619995117,70.4648208618164,0.04,2022
4248,25.492536544799805,44.5410270690918,0.66,2022
4249,56.63798904418945,19.797060012817383,0.2,2022
4250,0.022896116599440575,6.873952865600586,0.1,2022
4251,98.41504669189453,94.238525390625,0.16,2022
4252,78.1646499633789,80.82328796386719,0.41,2022
4255,20.078277587890625,72.61273956298828,0.06,2022
4256,70.0518798828125,38.557830810546875,0.3,2022
4257,48.76384735107422,71.96766662597656,0.2,2022
4258,4.125991344451904,11.033801078796387,0.1,2022
4259,0.1255279779434204,13.629213333129883,1.3,2022
4260,62.613407135009766,39.118934631347656,0.1,2022
4263,31.76122283935547,73.59646606445312,1.1,2022
4264,,,0.05,2022
4266,82.05106353759766,93.13735961914062,0.03,2022
4267,,,0.01,2022
4268,18.746313095092773,26.88981056213379,0.01,2022
4269,72.44600677490234,6.946950912475586,0.01,2022
4270,53.179595947265625,10.898820877075195,0.1,2022
4271,4.090593338012695,10.46029281616211,13.0,2022
4272,5.772799968719482,29.694995880126953,0.5,2022
4273,0.4172491729259491,8.649368286132812,0.06,2022
4274,5.522558212280273,34.819698333740234,1.0,2022
4277,0.2343922257423401,1.127609372138977,0.01,2022
4278,93.5063705444336,63.98558044433594,5.0,2022
4279,94.23051452636719,31.719287872314453,0.02,2022
4280,17.773805618286133,12.183589935302734,0.8,2022
4281,0.04005107283592224,9.725421905517578,0.1,2022
4282,28.90477752685547,30.311134338378906,0.3,2022
4283,73.74101257324219,86.7901382446289,8.0,2022
4290,47.69209671020508,52.14501190185547,1.5,2022
4291,25.477251052856445,47.8082160949707,0.4,2022
4292,2.7344863414764404,23.867956161499023,0.01,2022
4293,13.60899543762207,7.519098281860352,184.01,2022
4298,12.28005599975586,11.437104225158691,0.2,2022
4299,35.29242706298828,50.56044387817383,0.1,2022
4300,12.561487197875977,85.47521209716797,0.01,2022
4301,,,0.01,2022
4302,30.93842887878418,39.737545013427734,0.4,2022
4303,11.198948860168457,28.577302932739258,0.3,2022
4304,8.309903144836426,0.9977797269821167,0.7,2022
4305,98.248779296875,59.05393600463867,0.05,2022
4308,31.795358657836914,78.95281219482422,0.01,2022
4309,10.382607460021973,4.478719234466553,0.1,2022
4310,5.759274959564209,17.255783081054688,813.89,2022
4311,62.35370635986328,71.88233947753906,0.03,2022
4314,15.365324020385742,51.88817596435547,0.2,2022
4315,67.65682983398438,61.074493408203125,0.05,2022
4316,32.3641357421875,58.75153732299805,0.2,2022
4317,95.0447006225586,64.09068298339844,1.5,2022
4318,77.5924301147461,89.4703598022461,0.14,2022
4319,85.81819915771484,84.51170349121094,0.2,2022
4320,,,0.02,2022
4321,9.130544662475586,4.271206855773926,2.0,2022
4324,0.05617886781692505,10.770752906799316,0.2,2022
4326,25.84148597717285,36.56614685058594,0.03,2023
4327,67.78498077392578,84.66913604736328,0.04,2023
4328,17.072980880737305,23.7919864654541,1.5,2023
4329,9.668302536010742,18.11542320251465,1.2,2023
4330,,,0.04,2023
4331,22.3070011138916,9.554293632507324,22.0,2023
4333,,,0.01,2023
4334,6.2619428634643555,7.812039852142334,0.03,2023
4337,2.438352108001709,2.8352432250976562,0.05,2023
4339,10.508116722106934,0.44720515608787537,0.03,2023
4340,31.23504638671875,27.696746826171875,0.5,2023
4341,76.48626708984375,8.66871452331543,0.2,2023
4342,23.3934326171875,45.71100616455078,0.5,2023
4343,20.87599754333496,33.7783088684082,1.0,2023
4344,,,0.5,2023
4349,35.27371597290039,25.01749038696289,0.1,2023
4350,73.421142578125,50.438655853271484,15.0,2023
4351,69.83898162841797,63.0566291809082,0.8,2023
4352,48.66902160644531,4.867438316345215,2.0,2023
4353,68.29236602783203,73.58009338378906,3.0,2023
4354,36.90128707885742,24.683773040771484,0.3,2023
4355,37.611473083496094,29.088565826416016,10.0,2023
4356,31.039400100708008,40.23845291137695,0.1,2023
4357,40.078163146972656,35.164886474609375,3.0,2023
4358,0.6199892163276672,8.38499927520752,2.0,2023
4359,8.039756774902344,28.149333953857422,0.2,2023
4360,11.966355323791504,12.111903190612793,0.07,2023
4362,,,0.16,2023
4363,69.2733154296875,88.80655670166016,0.3,2023
4365,22.229148864746094,63.46003723144531,0.01,2023
4366,91.47364044189453,49.7223014831543,0.05,2023
4367,32.282718658447266,7.453075885772705,3.0,2023
4368,49.82930374145508,5.949075222015381,0.06,2023
4370,28.612449645996094,4.811561584472656,0.1,2023
4372,0.0010794909903779626,0.005127582233399153,0.5,2023
4374,23.503488540649414,2.989920139312744,0.01,2023
4375,0.11982350051403046,0.6646965742111206,0.3,2023
4378,1.8802034854888916,0.7982836365699768,0.12,2023
4379,7.125218868255615,12.089466094970703,0.06,2023
4380,,,0.03,2023
4382,74.1100845336914,45.738182067871094,0.01,2023
4384,49.14020919799805,63.20532989501953,0.4,2023
4388,69.11751556396484,71.64498901367188,0.95,2023
4389,47.918182373046875,51.806888580322266,0.2,2023
4395,0.3375730514526367,1.513193964958191,0.2,2023
4396,,,0.1,2023
4397,32.18339157104492,21.206382751464844,1.4,2023
4398,24.092472076416016,4.7543768882751465,3.0,2023
4403,63.97277069091797,85.24388122558594,2.0,2023
4404,30.88423728942871,62.3973274230957,0.06,2023
4405,29.82360076904297,31.4316463470459,0.1,2023
4406,11.529085159301758,28.124500274658203,0.05,2023
4410,49.22161102294922,38.52659225463867,0.05,2023
4411,63.844886779785156,22.200206756591797,0.05,2023
4412,28.657203674316406,18.62788200378418,0.05,2023
4413,33.74563217163086,13.10913372039795,0.03,2023
4414,18.40825653076172,5.481034755706787,0.1,2023
4415,51.4597282409668,83.31800842285156,0.06,2023
4419,4.4058637619018555,30.4456787109375,0.1,2023
4420,0.9534378051757812,23.11115074157715,0.1,2023
4421,28.863943099975586,18.94223976135254,12.0,2023
4422,71.42259979248047,24.0876407623291,0.1,2023
4423,68.85231018066406,17.442523956298828,0.03,2023
4424,72.82876586914062,13.351613998413086,0.03,2023
4425,23.710500717163086,22.51421356201172,1.0,2023
4439,10.064690589904785,1.4881445169448853,0.01,2023
4440,82.5746078491211,87.59683227539062,5.0,2022
4441,0.11208894103765488,0.9346120953559875,24.0,2022
4442,12.566595077514648,18.91534423828125,0.05,2022
4443,42.08281326293945,75.360595703125,0.2,2022
4444,15.924962043762207,7.995946407318115,0.3,2022
4451,4.547730922698975,9.776948928833008,0.2,2022
4452,0.08670037984848022,10.569637298583984,1.5,2022
4453,28.964927673339844,32.083984375,2.0,2022
4454,72.98259735107422,19.9628963470459,0.5,2022
4455,55.21036911010742,34.41654968261719,29.0,2022
4458,56.89106369018555,81.26383209228516,1.4,2022
4459,5.279299259185791,4.195005893707275,0.09,2022
4460,9.317867279052734,74.52705383300781,0.09,2022
4461,83.64163208007812,55.95539855957031,0.08,2022
4462,78.9048843383789,74.31352996826172,5.0,2022
4463,35.09346008300781,10.198872566223145,0.3,2022
4464,21.413915634155273,31.533897399902344,1.0,2022
4465,44.11891555786133,52.81856918334961,0.2,2022
4466,50.91008377075195,71.84687805175781,0.6,2022
4467,48.09501647949219,75.74058532714844,0.15,2022
4468,12.401385307312012,39.441402435302734,0.5,2022
4471,3.369736671447754,15.241899490356445,0.3,2022
4472,71.4335708618164,94.02494049072266,0.04,2022
4473,4.029952049255371,79.11274719238281,3.0,2022
4478,1.8279777765274048,2.533428192138672,15.0,2022
4479,3.439473867416382,1.8896374702453613,6.1,2022
4480,64.85403442382812,28.20535659790039,0.03,2022
4481,1.397168517112732,79.7293472290039,0.1,2022
4483,37.25208282470703,55.760189056396484,0.02,2022
4484,7.1974778175354,56.32051086425781,0.01,2022
4485,50.00430679321289,61.38440704345703,0.1,2022
4486,85.71409606933594,74.3022232055664,0.3,2022
4490,25.975379943847656,58.81005096435547,0.2,2022
4491,,,0.01,2022
4496,26.65390396118164,55.18424987792969,0.1,2022
4497,89.83586120605469,82.6739273071289,0.1,2022
4623,79.14004516601562,45.61105728149414,0.01,2022
4624,90.11547088623047,42.69230270385742,0.02,2022
4625,68.55391693115234,87.09768676757812,0.33,2022
4626,16.77156639099121,35.39661407470703,0.2,2022
4628,59.97635269165039,53.2484016418457,0.01,2022
4633,84.72406005859375,30.29732894897461,0.01,2022
4635,86.56852722167969,41.34893798828125,0.2,2022
4636,55.934722900390625,58.0805778503418,0.1,2022
4637,58.25175094604492,55.47337341308594,0.01,2022
4638,45.52617645263672,68.67510223388672,0.01,2022
4640,64.16565704345703,52.53876495361328,0.3,2022
4645,15.079943656921387,63.44011306762695,0.06,2022
4646,82.29093933105469,41.763221740722656,0.1,2022
4647,35.04667282104492,8.729379653930664,0.5,2022
4650,18.982990264892578,4.903321266174316,0.1,2022
4651,60.14714050292969,17.22686767578125,0.03,2022
4652,7.5157575607299805,9.098695755004883,4.0,2022
4653,85.31511688232422,40.80683898925781,0.01,2022
4657,9.873086929321289,11.07229995727539,0.01,2022
4658,68.7393569946289,47.326454162597656,0.7,2022
4659,19.834501266479492,50.92756271362305,0.1,2022
4662,7.3028130531311035,12.896202087402344,145.0,2022
4663,7.150710105895996,28.439529418945312,0.03,2022
4664,67.3280029296875,25.38892936706543,0.1,2022
4665,7.324694633483887,15.8131103515625,0.06,2022
4666,67.21218872070312,20.660926818847656,0.01,2022
4672,17.604724884033203,2.8037657737731934,0.2,2022
4677,53.72305679321289,40.31237030029297,0.21,2022
4678,77.71504211425781,95.90656280517578,0.01,2022
4685,63.791805267333984,65.65467834472656,0.01,2022
4686,72.19581604003906,25.961076736450195,0.1,2022
4687,14.78092098236084,4.848374843597412,0.1,2022
4688,85.0441665649414,54.58587646484375,0.01,2022
4691,57.182838439941406,42.478023529052734,0.01,2022
4692,54.12202835083008,69.32566833496094,0.01,2022
4693,29.190122604370117,27.810060501098633,0.16,2022
4694,9.358409881591797,19.292558670043945,0.09,2022
4695,52.74330139160156,22.220115661621094,0.01,2022
4696,54.52672576904297,63.50420379638672,2.0,2022
4697,30.238786697387695,16.03921127319336,0.03,2022
4703,80.32504272460938,28.430126190185547,0.01,2022
4704,24.223981857299805,40.61381912231445,0.1,2022
4705,92.40058135986328,98.40176391601562,0.02,2022
4708,96.3754653930664,91.05149841308594,0.6,2022
4709,40.003631591796875,40.830387115478516,0.9,2022
4714,0.0053407964296638966,1.207821011543274,4.0,2022
4715,41.60667037963867,70.3325424194336,0.5,2022
4719,54.3704948425293,76.21015167236328,0.2,2022
4720,36.62540817260742,62.96350860595703,0.03,2022
4721,32.26960372924805,59.9913444519043,0.01,2022
4722,24.120798110961914,44.232505798339844,0.05,2022
4725,20.476314544677734,85.50166320800781,0.18,2022
4726,2.568554401397705,8.348336219787598,0.06,2022
4727,33.564029693603516,18.710968017578125,0.05,2022
4728,57.30365753173828,37.651920318603516,0.16,2022
4734,46.47010803222656,36.492919921875,0.1,2022
4735,25.394392013549805,0.11031749099493027,0.02,2022
4736,66.5299072265625,17.15641975402832,0.01,2022
4737,26.96454429626465,38.279781341552734,0.15,2022
4738,24.89341163635254,24.22315788269043,0.02,2022
4740,6.830245494842529,25.50923728942871,0.6,2022
4744,92.72693634033203,80.52603912353516,0.2,2022
4746,96.9894027709961,63.570796966552734,0.01,2022
4748,66.12637329101562,0.4752523899078369,0.15,2022
4749,9.3016357421875,15.392511367797852,0.05,2022
4752,4.5928144454956055,80.10301971435547,0.1,2022
4753,50.499176025390625,47.1506233215332,0.01,2022
4754,17.083158493041992,2.6825833320617676,0.5,2022
4755,19.909814834594727,35.09115982055664,0.1,2022
4756,11.354469299316406,27.344654083251953,0.01,2022
4759,74.48231506347656,56.70445251464844,0.01,2022
4760,1.6588349342346191,20.114242553710938,0.07,2022
4761,34.047279357910156,77.0492172241211,0.3,2022
4762,,,0.3,2022
4763,80.82396697998047,61.570682525634766,0.65,2022
4764,2.170663595199585,1.5441713333129883,0.01,2022
4765,4.715404510498047,0.21738722920417786,0.16,2022
4766,1.1521791219711304,27.105220794677734,0.05,2022
4767,0.8099212050437927,29.338720321655273,0.01,2022
4768,,,0.1,2022
4769,72.470703125,74.42558288574219,0.3,2022
4770,34.18434143066406,47.312339782714844,0.06,2022
4771,,,0.01,2022
4774,0.10936208814382553,2.91213321685791,0.03,2022
4775,4.452828407287598,64.24394226074219,0.2,2022
4776,74.78629302978516,63.43135070800781,0.02,2022
4778,75.05929565429688,62.12034225463867,0.2,2022
4779,85.04600524902344,97.65847778320312,0.02,2022
4781,47.463680267333984,50.745079040527344,0.01,2022
4782,7.211748123168945,43.70472717285156,0.05,2022
4783,10.894495964050293,24.020620346069336,0.01,2022
4784,,,0.01,2022
4788,2.1559152603149414,2.1299595832824707,0.5,2022
4789,49.318199157714844,1.7186847925186157,69.21,2022
4790,10.256183624267578,67.50447082519531,3.0,2022
4791,63.05643844604492,58.501644134521484,1.0,2022
4794,6.799816131591797,63.2119026184082,1.5,2022
4795,21.123258590698242,96.9749755859375,0.2,2022
4800,60.086002349853516,63.24535369873047,0.03,2022
4801,7.269423961639404,35.21176528930664,0.5,2022
4802,65.5682373046875,68.13703155517578,0.5,2022
4803,67.31394958496094,0.8163953423500061,0.1,2022
4804,13.803529739379883,64.50379180908203,0.01,2022
4805,75.09579467773438,5.6767706871032715,0.08,2022
4806,2.3587429523468018,65.31269836425781,9.7,2022
4810,,,0.69,2022
4811,44.07651901245117,51.3681526184082,1.0,2022
4812,15.180779457092285,62.69279479980469,0.1,2022
4813,5.767481327056885,6.528219223022461,0.25,2022
4814,62.30105209350586,78.40419006347656,0.1,2022
4817,28.536108016967773,5.544852256774902,0.02,2022
4819,87.2411117553711,15.895760536193848,0.01,2022
4820,0.027025869116187096,6.6617431640625,0.6,2022
4821,13.763392448425293,19.520706176757812,0.2,2022
4825,3.5708932876586914,67.6655502319336,0.05,2022
4826,43.48676681518555,25.20924949645996,1.0,2022
4827,21.56262969970703,73.47103118896484,0.2,2022
4828,19.161609649658203,1.4420040845870972,0.2,2022
4831,25.387727737426758,3.9505934715270996,0.01,2022
4832,43.41264343261719,38.33525848388672,0.02,2022
4833,41.38650894165039,51.091739654541016,0.08,2022
4834,4.733273506164551,21.57948875427246,0.02,2022
4835,,,0.01,2022
4838,57.017608642578125,53.06916046142578,0.04,2022
4839,76.84246826171875,63.63400650024414,1.0,2022
4840,66.22147369384766,68.19931030273438,0.05,2022
4841,24.35487174987793,28.881134033203125,0.21,2022
4842,61.35162353515625,13.83708381652832,0.3,2022
4843,11.537320137023926,1.8861215114593506,0.3,2022
4844,70.56725311279297,64.45647430419922,7.7,2022
4845,37.251033782958984,49.89130783081055,0.5,2022
4847,52.994293212890625,53.5218391418457,0.15,2022
4848,14.318373680114746,17.202369689941406,0.2,2022
4849,1.1133838891983032,11.306568145751953,0.04,2022
4855,80.42674255371094,37.946495056152344,0.5,2022
4856,16.672683715820312,6.235644817352295,0.02,2022
4857,0.007219347637146711,2.436128854751587,720.0,2022
4859,8.28059196472168,56.58818817138672,0.01,2022
4860,75.57427215576172,74.93067932128906,0.02,2022
4861,21.786388397216797,32.43653106689453,0.02,2022
4862,,,0.15,2022
4863,26.173076629638672,31.458709716796875,347.0,2022
4864,,,2.0,2022
4865,,,0.06,2022
4866,39.273521423339844,82.168212890625,0.03,2022
4867,,,0.2,2022
4868,,,3.0,2022
4875,75.07667541503906,59.05480194091797,0.2,2022
4876,77.93099212646484,44.29096603393555,0.5,2022
4877,89.74317932128906,19.60133171081543,0.1,2022
4878,54.31610107421875,26.478160858154297,1.0,2022
4879,24.346315383911133,48.41535186767578,8.0,2022
4880,79.97593688964844,0.9537560939788818,0.2,2022
4881,33.8197021484375,33.41675567626953,4.0,2022
4882,9.906014442443848,64.97252655029297,0.3,2022
4883,,,0.01,2022
4884,59.04517364501953,66.72976684570312,1.5,2022
4885,,,1.6,2022
4892,61.71152114868164,60.64653396606445,0.09,2022
4893,10.41457748413086,11.194000244140625,0.09,2022
4899,71.51058197021484,10.040776252746582,0.01,2022
4900,65.2326889038086,24.03080177307129,0.03,2022
4901,81.05402374267578,92.02716827392578,0.4,2022
4902,6.9581146240234375,14.78923511505127,0.01,2022
4905,15.171030044555664,69.46985626220703,0.02,2022
4906,,,0.09,2022
4907,22.390539169311523,59.0986328125,0.01,2022
4908,55.36981964111328,47.231014251708984,0.1,2022
4909,90.70940399169922,62.28726577758789,0.05,2022
4910,66.89390563964844,61.26335906982422,0.03,2022
4911,66.53030395507812,91.12088775634766,0.8,2022
4912,54.796730041503906,20.567201614379883,0.12,2022
4913,0.6758257150650024,10.992735862731934,120.0,2022
4914,17.55514907836914,79.0793685913086,0.03,2022
4917,,,0.1,2022
4918,86.91584014892578,9.884017944335938,0.01,2022
4919,4.227790355682373,7.022594451904297,0.06,2022
4920,,,0.23,2022
4921,30.03652000427246,56.550506591796875,0.1,2022
4922,1.8233381509780884,64.02645874023438,0.1,2022
4923,0.011772102676331997,0.1340414434671402,0.3,2022
4924,85.58586120605469,71.1832275390625,0.3,2022
4925,26.143585205078125,29.674148559570312,0.03,2022
4927,14.089055061340332,27.394611358642578,0.2,2022
5017,0.285023033618927,2.059124231338501,0.3,2023
5018,1.5519704818725586,24.03373146057129,0.72,2023
5019,23.633895874023438,86.50543212890625,0.01,2023
5020,77.82521057128906,77.43661499023438,0.5,2023
5023,54.18952560424805,25.99833869934082,0.06,2024
5027,52.4062614440918,33.270835876464844,0.05,2024
5028,41.08526611328125,72.40612030029297,0.25,2024
5030,71.7821044921875,56.562416076660156,0.01,2024
5031,6.73656702041626,52.10507583618164,0.01,2024
5032,54.904232025146484,47.08637237548828,0.13,2024
5033,55.2492561340332,15.789148330688477,0.03,2024
5034,57.094303131103516,9.420980453491211,0.06,2024
5035,3.9495162963867188,18.37442970275879,0.07,2024
5036,2.547462224960327,26.374088287353516,0.01,2024
5041,89.2176742553711,69.52450561523438,0.2,2024
5042,26.896617889404297,4.559607982635498,0.27,2024
5044,7.740128993988037,8.032194137573242,0.1,2024
5047,88.51319122314453,97.6897964477539,0.13,2024
5048,40.301273345947266,3.856862783432007,0.01,2024
5050,,,0.01,2024
5052,5.55233097076416,12.600868225097656,0.05,2024
5053,3.179103374481201,2.0434417724609375,0.08,2024
5054,8.685430526733398,1.0495374202728271,0.08,2024
5055,,,0.03,2024
5056,0.05804016813635826,0.056702837347984314,0.01,2024
5057,33.10884094238281,49.52565002441406,0.01,2024
5058,0.23831239342689514,0.6619789004325867,0.05,2024
5066,3.732936382293701,4.446053504943848,0.28,2024
5068,5.049238681793213,72.470703125,0.01,2023
5069,19.816303253173828,98.3154067993164,0.8,2023
5070,22.833711624145508,50.79765701293945,0.1,2023
5071,1.377988576889038,33.915626525878906,1.0,2023
5072,40.81813049316406,42.74517822265625,0.22,2023
5073,15.287519454956055,68.781005859375,0.16,2023
5074,48.43489456176758,53.369590759277344,0.5,2023
5075,63.86301803588867,18.032270431518555,0.27,2023
5079,18.636911392211914,6.8154401779174805,0.8,2023
5080,80.77416229248047,86.28495025634766,0.12,2023
5081,,,0.01,2023
5082,21.36281967163086,13.409998893737793,0.3,2023
5083,20.916900634765625,55.1328239440918,0.2,2023
5084,41.724700927734375,68.14126586914062,0.5,2023
5085,29.527677536010742,62.152793884277344,0.02,2023
5086,19.358314514160156,88.153564453125,2.0,2023
5087,29.05194854736328,72.29666900634766,0.5,2023
5088,57.79616165161133,69.00595092773438,0.15,2023
5089,16.54581642150879,27.636316299438477,0.2,2023
5090,16.80368995666504,23.528812408447266,0.4,2023
5096,35.31028366088867,48.952125549316406,0.01,2023
5097,71.36576843261719,26.554306030273438,0.05,2023
5098,1.682187795639038,1.4285714626312256,0.3,2023
5099,61.99860382080078,45.494483947753906,0.9,2023
5100,29.31993293762207,38.21234130859375,0.05,2023
5101,18.534393310546875,75.70972442626953,0.3,2023
5102,33.193687438964844,68.08539581298828,3.0,2023
5106,21.91642189025879,7.696498394012451,0.04,2023
5107,,,0.6,2023
5108,59.21752166748047,59.83210372924805,0.1,2023
5109,73.59203338623047,84.54125213623047,0.5,2023
5110,21.521102905273438,18.886720657348633,2.0,2023
5111,46.70876693725586,56.549591064453125,0.1,2023
5112,20.328439712524414,55.82470703125,0.02,2023
5113,79.56233215332031,10.122621536254883,0.03,2023
5114,68.82781219482422,28.03513526916504,0.1,2023
5115,17.208026885986328,12.760761260986328,0.33,2023
5116,55.58746337890625,39.72239303588867,0.5,2023
5117,81.6245346069336,83.5302734375,0.2,2023
5125,62.440185546875,65.10060119628906,0.66,2023
5126,64.66851806640625,67.55168151855469,0.1,2023
5127,74.52141571044922,83.77369689941406,0.2,2023
5128,19.477954864501953,51.91714859008789,10.0,2023
5129,48.81766891479492,35.76518249511719,1.0,2023
5130,21.62684440612793,47.119380950927734,1.0,2023
5131,44.673667907714844,60.71184158325195,0.43,2023
5139,68.76179504394531,79.63184356689453,0.3,2023
5141,42.25197219848633,35.02956008911133,0.1,2023
5142,51.451515197753906,37.415428161621094,37.0,2023
5143,16.08648109436035,12.62684154510498,0.5,2023
5144,62.38436508178711,87.51727294921875,0.8,2023
5145,76.04847717285156,68.45610809326172,1.0,2023
5146,66.55815124511719,54.50349044799805,1.0,2023
5147,15.870438575744629,21.15020751953125,51.0,2023
5148,45.95382308959961,44.36771774291992,9.1,2023
5152,5.918241500854492,18.670419692993164,4.0,2023
5153,,,0.02,2023
5154,0.8824554085731506,4.681678295135498,0.66,2023
5155,39.92816162109375,60.58625030517578,0.3,2023
5156,1.535987138748169,23.551265716552734,0.4,2023
5157,18.04986000061035,40.86985778808594,1.0,2023
5158,17.640798568725586,15.752579689025879,0.15,2023
5159,36.8811149597168,22.264307022094727,0.1,2023
5160,15.26417350769043,4.0318989753723145,91.0,2023
5161,78.17987060546875,51.284278869628906,0.15,2023
5165,65.5409927368164,3.9184131622314453,0.03,2024
5166,9.46030044555664,11.165058135986328,0.5,2024
5167,82.1493911743164,32.574424743652344,0.17,2024
5168,,,0.01,2024
5169,1.0080113410949707,9.958325386047363,0.5,2024
5170,20.307024002075195,14.79640007019043,0.01,2024
5171,3.3679213523864746,42.619468688964844,0.4,2024
5172,34.779380798339844,31.215730667114258,0.07,2024
5173,0.44773319363594055,9.616069793701172,0.1,2024
5174,91.17365264892578,43.67996597290039,0.7,2023
5175,15.74087905883789,59.41255569458008,0.11,2023
5176,,,0.3,2023
5177,0.40470895171165466,2.8129143714904785,0.02,2023
5178,,,29.0,2023
5179,58.83890914916992,23.944923400878906,0.05,2023
5180,16.050960540771484,72.16490173339844,0.33,2023
5181,52.45552062988281,70.65913391113281,21.0,2023
5182,1.1069351434707642,9.299217224121094,68.0,2023
5183,48.4677734375,30.394603729248047,0.4,2023
5186,26.78159523010254,56.42599868774414,0.3,2023
5187,12.613808631896973,22.105209350585938,0.1,2023
5188,59.199954986572266,70.62657165527344,0.04,2023
5189,37.8889274597168,50.972023010253906,0.01,2023
5190,2.770477533340454,5.084918022155762,0.02,2023
5191,,,0.01,2023
5194,45.94862747192383,52.45275115966797,86.0,2023
5195,98.5203857421875,92.88687896728516,0.3,2023
5196,83.67066955566406,59.397003173828125,0.01,2023
5201,52.13536834716797,83.13970184326172,1.0,2023
5202,33.06049346923828,1.4308652877807617,0.5,2023
5203,51.22211837768555,10.815690040588379,0.1,2023
5204,60.30333709716797,92.4068603515625,0.5,2023
5205,48.36227798461914,78.75696563720703,0.1,2023
5206,59.44217300415039,36.17509460449219,0.09,2023
5207,25.24929428100586,17.378185272216797,0.05,2023
5208,21.86590003967285,35.575435638427734,0.6,2023
5210,29.744007110595703,55.507572174072266,0.01,2023
5211,6.770236968994141,14.362043380737305,0.02,2023
5212,81.57463836669922,79.71504211425781,0.01,2023
5216,56.665225982666016,60.16903305053711,0.3,2023
5217,66.7906723022461,59.69830322265625,0.1,2023
5221,44.46483612060547,15.422090530395508,3.0,2024
5222,18.41581153869629,21.473051071166992,0.03,2023
5223,9.722851753234863,33.39588165283203,163.0,2023
5224,62.10792541503906,55.316593170166016,0.15,2023
5225,7.831410884857178,14.934767723083496,2.0,2023
5230,75.10279846191406,7.834606647491455,0.06,2023
5231,50.91462326049805,2.9920921325683594,0.01,2023
5232,58.28843307495117,13.47781753540039,1.0,2023
5233,35.4762077331543,51.855247497558594,0.03,2023
5234,43.27650451660156,50.56105041503906,0.5,2023
5235,43.9533576965332,22.793458938598633,7.0,2023
5239,42.509212493896484,67.42285919189453,0.2,2023
5240,16.370960235595703,4.102133274078369,0.5,2023
5241,55.5139274597168,78.3965072631836,0.3,2023
5243,18.220487594604492,26.700469970703125,1.5,2024
5244,70.27357482910156,62.630088806152344,0.03,2024
5245,68.2816162109375,3.9307048320770264,0.6,2024
5246,11.902823448181152,54.45106506347656,1.0,2024
5247,84.99060821533203,58.26057815551758,0.8,2024
5250,36.86265563964844,26.66376304626465,0.02,2024
5251,14.846780776977539,21.657024383544922,0.2,2024
5252,5.357814788818359,20.83942413330078,0.3,2024
5253,74.35912322998047,64.78390502929688,0.2,2024
5254,61.59941864013672,85.80416870117188,0.13,2024
5255,8.164934158325195,73.48332977294922,0.02,2023
5256,,,0.01,2023
5257,16.778039932250977,81.18079376220703,0.5,2023
5258,1.762667179107666,10.560456275939941,0.02,2023
5260,,,0.3,2023
5262,3.8901443481445312,6.282182216644287,0.5,2023
5263,43.73778533935547,5.6664814949035645,2.0,2023
5264,80.20028686523438,10.96761703491211,1.2,2023
5266,25.20029640197754,56.28044128417969,0.3,2023
5267,18.300806045532227,13.43578052520752,10.0,2023
5272,3.7145743370056152,48.545719146728516,0.05,2023
5274,50.33063507080078,9.991931915283203,1.5,2023
5275,55.395084381103516,52.23295211791992,0.1,2023
5277,,,0.01,2023
5278,15.586143493652344,21.976930618286133,0.05,2022
5279,51.216766357421875,43.49370193481445,0.09,2022
5281,,,0.01,2022
5282,9.703997611999512,28.3234920501709,0.2,2022
5283,24.62969398498535,72.26889038085938,0.06,2022
5284,6.039980411529541,49.81072235107422,0.3,2022
5285,35.04304504394531,95.04175567626953,0.15,2022
5286,65.36421203613281,55.30419921875,0.1,2022
5287,1.31836998462677,52.089298248291016,0.5,2022
5288,12.771340370178223,13.777690887451172,3.0,2022
5289,7.660979747772217,34.58212661743164,0.32,2022
5292,15.270448684692383,34.14133071899414,0.5,2022
5293,43.39674758911133,66.95060729980469,0.4,2022
5294,30.877866744995117,85.70840454101562,0.3,2022
5295,55.93870162963867,13.2164306640625,0.5,2022
5296,67.20145416259766,22.586408615112305,0.03,2022
5297,4.935302257537842,73.55479431152344,0.03,2022
5298,32.57345199584961,26.36578941345215,0.02,2022
5302,47.73765563964844,3.815063238143921,0.2,2022
5303,47.00040054321289,46.46462631225586,0.4,2022
5304,90.58655548095703,63.712093353271484,0.1,2022
5305,17.774654388427734,15.987852096557617,0.05,2022
5306,13.699082374572754,56.50774002075195,0.03,2022
5307,0.6197465658187866,13.753007888793945,0.01,2022
5308,72.37861633300781,16.217775344848633,0.1,2022
5309,31.52014923095703,63.989505767822266,0.5,2022
5313,29.708932876586914,80.9045639038086,0.12,2022
5314,69.11112976074219,39.60073471069336,0.1,2022
5315,13.031311988830566,51.97929763793945,0.06,2022
5316,44.78755569458008,49.07185745239258,0.5,2022
5317,49.22880554199219,76.16282653808594,0.06,2022
5318,2.293330669403076,0.9620828032493591,0.04,2022
5320,4.960387229919434,65.52357482910156,0.04,2022
5321,16.236019134521484,5.43794059753418,1.5,2022
5322,13.482304573059082,85.07000732421875,0.06,2022
5323,30.101707458496094,77.83856201171875,0.01,2022
5326,1.1648051738739014,18.080053329467773,0.05,2022
5327,26.96189308166504,65.44759368896484,0.5,2022
5328,15.036028861999512,44.56571578979492,0.1,2022
5331,30.72568702697754,4.875044345855713,0.5,2022
5332,5.863656044006348,4.439112663269043,0.1,2022
5333,7.975836277008057,9.349770545959473,0.07,2022
5334,10.766549110412598,18.58922004699707,1.0,2022
5336,89.70901489257812,90.0780029296875,0.1,2022
5337,7.34389591217041,75.48419952392578,0.9,2022
5340,,,0.02,2025
5341,18.415205001831055,30.80647087097168,0.01,2025
5342,21.447948455810547,20.81169891357422,0.02,2025
5343,,,0.05,2025
5344,34.393436431884766,28.31159782409668,0.09,2025
5345,95.62706756591797,88.61424255371094,0.2,2025
5347,89.83724212646484,94.01657104492188,0.04,2025
5348,38.41931915283203,36.01940155029297,8.7,2025
5349,6.804323196411133,6.616000175476074,1.8,2025
5350,61.61421585083008,49.0432243347168,0.47,2025
5352,5.032151699066162,1.6624504327774048,0.3,2025
5356,54.52511215209961,37.389095306396484,0.3,2025
5357,47.142337799072266,35.44462966918945,0.2,2025
5358,53.39017105102539,76.01667785644531,0.01,2025
5361,4.504550457000732,56.994998931884766,0.11,2025
5362,17.675079345703125,48.59199142456055,0.08,2025
5363,4.125507831573486,1.8552721738815308,310.0,2025
5364,32.653533935546875,50.20157241821289,0.02,2025
5365,0.8918173909187317,0.20359039306640625,0.12,2025
5366,4.952598571777344,2.611443519592285,0.35,2025
5367,16.744705200195312,13.534323692321777,0.5,2025
5368,67.71680450439453,54.806697845458984,1.5,2025
5371,31.90977668762207,41.94131088256836,0.1,2025
5372,64.80892181396484,39.283878326416016,0.02,2025
5373,,,0.15,2025
5374,53.46879577636719,15.876921653747559,0.06,2025
5375,43.23625946044922,21.777809143066406,0.18,2025
5376,77.83163452148438,71.2057113647461,0.04,2025
5377,20.90389060974121,6.948723793029785,0.03,2025
5379,1.5276976823806763,1.9691994190216064,0.2,2025
5380,34.81000900268555,40.30720138549805,0.48,2025
5381,30.773767471313477,14.059966087341309,0.03,2025
5382,90.50436401367188,95.01293182373047,73.0,2025
5385,8.927704811096191,7.507966995239258,1.3,2025
5386,17.4185733795166,6.706942558288574,0.07,2025
5387,64.51206970214844,20.908491134643555,0.1,2025
5388,37.76373291015625,39.155517578125,0.02,2025
5389,54.13352966308594,9.717340469360352,0.5,2025
5390,28.3334903717041,13.323203086853027,9.77,2025
5391,2.256168842315674,10.741612434387207,1.2,2025
5392,64.01049041748047,75.11167907714844,0.2,2025
5393,46.30029296875,26.476760864257812,0.01,2025
5413,73.23124694824219,68.01372528076172,0.01,2025
5417,59.60516357421875,50.45779800415039,0.04,2025
5418,82.03604125976562,92.06520080566406,0.28,2025
5420,14.636509895324707,37.70578384399414,1.0,2025
5421,41.582000732421875,38.04735565185547,0.1,2025
5422,38.00387191772461,2.461742401123047,0.8,2025
5423,39.78667449951172,56.38663101196289,0.01,2025
5425,11.735607147216797,42.42776107788086,0.3,2025
5426,55.015933990478516,45.042964935302734,0.33,2025
5434,,,3.0,2025
5435,24.410139083862305,84.90660858154297,1.0,2025
5437,61.101539611816406,62.48521423339844,0.23,2025
5438,93.65058898925781,92.40355682373047,1.2,2025
5439,57.51408386230469,44.738037109375,6.3,2025
5440,83.17851257324219,66.03756713867188,0.33,2025
5441,95.28594207763672,87.84909057617188,0.07,2025
5442,1.3426297903060913,11.914084434509277,0.65,2025
5445,1.7086893320083618,11.235595703125,0.1,2025
5456,22.38456916809082,37.23756790161133,3397.0,2025
5457,,,1.0,2025
5458,38.91346740722656,30.050853729248047,0.9,2025
5459,,,0.5,2025
5460,,,0.01,2024
5461,14.24797534942627,30.16815948486328,1.5,2024
5462,4.081336975097656,8.213093757629395,2.0,2024
5463,3.1161160469055176,7.518210411071777,0.3,2024
5464,32.87409973144531,40.65460205078125,0.36,2024
5467,91.7852554321289,60.210968017578125,0.5,2024
5469,57.3187141418457,73.02471160888672,0.01,2024
5471,0.0010703600710257888,0.01391468197107315,0.01,2024
5473,80.74181365966797,95.97383880615234,0.05,2024
5474,97.4324722290039,98.53815460205078,0.01,2024
5475,0.9676055312156677,2.248826503753662,0.01,2024
5476,30.65484619140625,22.78957176208496,0.01,2024
5486,1.0094027519226074,29.157642364501953,1.0,2025
5487,3.30580735206604,12.542463302612305,0.5,2025
5488,11.17471981048584,1.3588321208953857,0.3,2025
5489,87.10405731201172,67.771484375,0.01,2025
5490,0.37670326232910156,16.844711303710938,0.09,2025
5491,36.21590042114258,61.77474594116211,0.5,2025
5492,13.134117126464844,17.735027313232422,0.1,2025
5493,32.11699295043945,83.4285659790039,0.15,2025
5494,,,0.1,2025
5495,2.6668970584869385,8.398457527160645,97.0,2025
5503,89.14628601074219,33.20699691772461,0.04,2025
5504,3.2593607902526855,11.323511123657227,57.0,2025
5505,29.154401779174805,10.851754188537598,7.0,2025
5506,23.841402053833008,49.771278381347656,7.6,2025
5507,61.652957916259766,83.754638671875,0.01,2025
5508,21.934661865234375,88.73643493652344,0.16,2025
5509,,,3.0,2025
5510,72.30704498291016,30.68362808227539,0.1,2025
5511,71.5898208618164,41.964473724365234,0.5,2025
5512,1.0107529163360596,5.652169227600098,931.0,2025
5516,,,0.09,2025
5517,69.77153015136719,4.966583728790283,0.2,2025
5518,29.383983612060547,22.264774322509766,0.01,2025
5519,67.57587432861328,93.36946105957031,0.12,2025
5520,43.36798095703125,75.04713439941406,0.1,2025
5522,,,0.66,2025
5523,,,0.4,2025
5524,1.229753851890564,5.1031813621521,2.1,2025
5525,24.505964279174805,45.942134857177734,0.45,2025
5526,61.63054275512695,37.33790969848633,6.24,2025
5534,0.11068996042013168,1.683695912361145,0.01,2025
5535,39.40150451660156,60.170291900634766,0.3,2025
5536,60.55015563964844,75.02993774414062,0.3,2025
5537,16.168973922729492,16.129146575927734,0.08,2025
5538,22.5164794921875,64.12711334228516,0.1,2025
5539,34.24274826049805,17.965007781982422,0.47,2025
5540,2.404416561126709,1.3255327939987183,4.5,2025
5542,,,0.01,2025
5543,22.61408233642578,1.040544867515564,0.02,2025
5545,91.32478332519531,71.2396469116211,0.01,2025
5548,39.089778900146484,41.29953384399414,0.3,2025
5549,84.52383422851562,85.83026123046875,0.04,2025
5550,3.650646209716797,1.5262558460235596,0.16,2025
5551,62.55488586425781,56.70072937011719,0.9,2025
5552,65.92577362060547,83.4455795288086,0.1,2025
5553,52.21863555908203,42.96064376831055,0.11,2025
5557,4.899572849273682,0.6985887885093689,3.0,2025
5558,,,0.33,2025
5559,49.117244720458984,61.65079879760742,0.01,2025
5560,7.292516231536865,80.11547088623047,0.1,2025
5561,62.21841812133789,94.64676666259766,0.03,2025
5567,5.656192779541016,6.369930744171143,0.16,2025
5568,5.677015781402588,53.556793212890625,0.2,2025
5569,68.7674560546875,63.74279022216797,0.06,2025
5570,86.10555267333984,99.0694808959961,0.12,2025
5571,58.37122344970703,70.0652084350586,0.1,2025
5572,63.646236419677734,71.8704833984375,0.01,2025
5574,48.8843879699707,29.614898681640625,0.1,2025
5637,,,0.07,2025
5638,43.30289840698242,19.644994735717773,0.55,2025
5641,72.08372497558594,25.466760635375977,0.3,2025
5642,23.895965576171875,51.43556594848633,0.07,2025
5643,3.999147415161133,0.274078905582428,0.1,2025
5645,0.48339539766311646,1.302353024482727,39.73,2025
5646,28.473602294921875,18.8341121673584,0.03,2025
5650,1.4952739477157593,11.588373184204102,0.01,2025
5651,56.64689254760742,16.671539306640625,0.1,2025
5652,98.42958068847656,87.31722259521484,0.39,2025
5653,35.547733306884766,58.66627502441406,0.2,2025
5654,12.238183975219727,10.108948707580566,2.0,2025
5655,0.7678581476211548,7.098452568054199,0.1,2025
5656,26.982973098754883,27.77077865600586,0.15,2025
5657,,,1.3,2025
5658,56.685420989990234,55.49237060546875,0.06,2025
5663,51.4105110168457,34.13401794433594,0.48,2025
5664,47.23249435424805,37.485862731933594,0.09,2025
5665,21.003742218017578,51.76476287841797,6.0,2025
5666,1.780938982963562,2.263507127761841,0.08,2025
5667,60.416419982910156,6.1669158935546875,0.3,2025
5668,64.64725494384766,42.288726806640625,0.2,2025
5669,11.39856243133545,11.90297794342041,0.1,2025
5672,34.87211227416992,51.841915130615234,0.3,2025
5673,60.80551528930664,55.22708511352539,0.15,2025
5674,67.08885955810547,40.32665252685547,1.8,2025
5677,7.953938961029053,30.151241302490234,0.6,2025
5678,13.969585418701172,38.72270202636719,1.2,2025
5681,15.856510162353516,12.351391792297363,0.1,2025
5682,30.406049728393555,21.578563690185547,0.04,2025
5683,8.701861381530762,72.92271423339844,0.23,2025
5687,37.707427978515625,66.52091217041016,0.15,2025
5693,91.79559326171875,66.35771179199219,0.3,2025
5694,97.21780395507812,78.95821380615234,0.01,2025
5695,25.28872299194336,64.81356811523438,2.0,2025
5696,35.23042678833008,19.437015533447266,70.0,2025
5699,77.97633361816406,74.74564361572266,0.04,2025
5700,61.118804931640625,67.99005126953125,0.3,2025
5709,46.780147552490234,68.60218048095703,0.02,2025
5712,6.7075018882751465,26.894611358642578,0.09,2025
5715,56.375770568847656,64.34558868408203,0.1,2025
5716,63.23339080810547,18.53288459777832,0.4,2025
5717,54.11411666870117,33.22146224975586,0.02,2025
5718,11.785441398620605,8.248334884643555,0.23,2025
5721,3.109219551086426,0.5187433362007141,0.01,2025
5722,6.323489665985107,17.724679946899414,0.35,2025
5724,37.79119110107422,19.037416458129883,0.01,2025
5725,0.015029252506792545,0.041262127459049225,0.3,2025
5726,18.327489852905273,10.648634910583496,0.16,2025
5727,30.49763298034668,9.846346855163574,2.8,2025
5728,40.1229133605957,22.1481990814209,0.03,2025
5731,,,0.1,2025
5735,49.84223175048828,78.98188018798828,0.78,2025
5736,2.8271024227142334,27.82274627685547,0.06,2025
5739,21.942882537841797,11.138611793518066,0.1,2025
5740,13.137190818786621,21.99666976928711,0.1,2025
5744,28.26131820678711,19.33746910095215,0.1,2025
5745,,,1.0,2025
5746,0.017984597012400627,3.1838107109069824,0.02,2025
5747,0.03919031843543053,0.5245060324668884,0.15,2025
5748,42.94225311279297,62.364410400390625,0.6,2025
5764,54.34080505371094,24.59102439880371,1.5,2025
5765,18.749725341796875,33.879642486572266,2.0,2025
5766,36.10525131225586,51.89134216308594,0.06,2025
5767,76.84080505371094,44.043617248535156,0.2,2025
5768,,,0.7,2025
5769,54.52235794067383,21.387882232666016,0.3,2025
5770,,,0.1,2025
5774,37.60606384277344,16.659643173217773,0.2,2025
5775,,,0.16,2025
5776,37.04719924926758,84.22589874267578,0.1,2025
5780,52.844383239746094,41.963436126708984,0.01,2025
5781,2.556497097015381,3.180320978164673,0.7,2025
5782,79.99495697021484,54.13712692260742,0.25,2025
5785,48.7965087890625,40.23583984375,0.25,2025
5787,15.011502265930176,60.34852600097656,1.0,2025
5788,33.220237731933594,50.5139045715332,0.16,2025
5791,0.4572916626930237,0.5320723056793213,0.06,2025
5792,2.0306620597839355,5.904264450073242,0.02,2025
5794,,,0.01,2025
5795,18.291858673095703,29.973358154296875,0.05,2025
5796,20.31366729736328,34.5473518371582,0.05,2025
5798,66.02642059326172,57.80048370361328,0.41,2025
5799,42.313228607177734,86.52027130126953,0.18,2025
5800,80.78691864013672,38.53658676147461,0.03,2025
5801,21.914690017700195,29.87557601928711,0.3,2025
5804,17.032756805419922,22.016368865966797,9.4,2025
5805,67.0940933227539,89.09703826904297,0.7,2025
5806,95.822509765625,94.4646224975586,0.2,2025
5807,30.51856803894043,23.792346954345703,1.0,2025
5808,24.980920791625977,14.522327423095703,0.2,2025
5809,58.667579650878906,34.44618225097656,0.02,2025
