fire_id,datetime,damagearea,firecause,address_raw,matched_address,recover_level,x_5179,y_5179
14,2021-05-09 13:16:00,0.2,기타,강원 홍천 남 시동 산70,강원특별자치도 홍천군 남면 시동리,ri,1029386.40392843,1954119.99034894
25,2021-04-30 12:13:00,0.3,입산자실화,전남 여수 소라 봉두 산307,전라남도 여수시 소라면 봉두리,ri,1007646.96292203,1646381.91625596
27,2021-04-29 21:15:00,0.01,기타,강원 삼척 가곡 오저 산90,강원특별자치도 삼척시 가곡면 오저리,ri,1149816.64970172,1905664.15515305
31,2021-04-27 15:34:00,0.04,기타,광주 남 석정 산40-3,광주광역시 남구 석정동,dong,937777.135158073,1676850.71659939
34,2021-04-26 18:28:00,0.06,입산자실화,대구 북 팔달 산62-1,대구광역시 북구 팔달동,dong,1093926.76005463,1767429.4089969
38,2021-04-25 17:41:00,0.01,입산자실화,전북 완주 구이 백여 산425-1,전북특별자치도 완주군 구이면 백여리,ri,964723.962687624,1738759.10111801
44,2021-04-25 12:05:00,0.3,입산자실화,경기 포천 청수 가양 산22,경기도 포천시,sgg,976950.009660615,1996445.16805
54,2021-04-22 17:32:00,0.01,기타,충남 공주 유구 노동 194-1,충청남도 공주시 유구읍 노동리,ri,947161.136174095,1839770.39059942
59,2021-04-22 00:00:00,0.1,기타,경북 포항 북 신흥 산131-1,경상북도 포항시 남구,sgg,1174112.83270431,1775850.579
67,2021-03-26 16:35:00,0.33,쓰레기소각,충남 청양 목 송암 산21,충청남도 청양군 목면 송암리,ri,955378.026269633,1827064.15632706
71,2021-03-25 13:20:00,0.1,농산부산물소각,경남 창녕 대합 주매 산1,경상남도 창녕군 대합면 주매리,ri,1083826.37659719,1730251.11194749
74,2021-03-23 18:14:00,0.01,기타,울산 중 성안 산341,울산광역시 중구 성안동,dong,1163985.34602112,1732855.09085
83,2021-03-20 00:07:00,0.2,건축물화재비화,경기 여주 대신 율촌 144-1,경기도 여주시 대신면 율촌리,ri,1007699.41226855,1931505.22082247
85,2021-03-19 14:39:00,0.03,입산자실화,경북 상주 이안 양범 산87-1,경상북도 상주시 이안면 양범리,ri,1056851.96590117,1841631.19360363
95,2021-03-14 17:56:00,0.01,담뱃불실화,경기 광주 남한산성 오전 산98-1,경기도 광주시 남한산성면 오전리,ri,976089.198800928,1939489.38893655
98,2021-03-10 15:33:00,0.01,농산부산물소각,경남 통영 도산 도선 산243,경상남도 통영시 도산면 도선리,ri,1078409.37451241,1658835.3631953
106,2021-02-27 14:29:00,0.1,담뱃불실화,경기 양평 양서 목왕 산8외2필지,경기도 양평군 양서면 목왕리,ri,989604.451094125,1950828.16754963
127,2021-02-23 14:09:00,0.1,입산자실화,울산 남 장생포 산30,울산광역시 남구 장생포동,dong,1169883.54798148,1724871.89232557
130,2021-02-22 14:07:00,0.03,기타,경북 상주 하남 중눌 산21,경상북도 상주시,sgg,1053621.90216995,1827828.5359
131,2021-02-21 19:25:00,3.0,담뱃불실화,충남 논산 벌국 덕목 산24외 16필지,충청남도 논산시,sgg,969189.038689975,1800568.9699
132,2021-02-21 17:12:00,0.1,건축물화재비화,경남 거창 신원 중유 산87-1,경상남도 거창군 신원면 중유리,ri,1036153.86686775,1727956.3977
143,2021-02-20 13:13:00,0.5,입산자실화,강원 화천 상사 다목 산1-38,강원특별자치도 화천군,sgg,1016385.06551292,2015708.6038
155,2021-02-13 13:51:00,0.1,기타,전남 순천 송주 도정 산168,전라남도 순천시,sgg,988220.014815601,1668402.0089
156,2021-02-13 13:30:00,0.8,기타,전북 남원 문봉 가산 산32,전북특별자치도 남원시,sgg,998232.801192053,1715100.8349
158,2021-02-12 16:37:00,0.06,쓰레기소각,경기 양평 지평 무왕 201,경기도 양평군 지평면 무왕리,ri,1015341.7873569,1938850.86045772
163,2021-02-12 10:29:00,0.02,담뱃불실화,경기 포천 관인 냉정 산115-2,경기도 포천시 관인면 냉정리,ri,980298.199681415,2017117.13507216
165,2021-02-10 14:12:00,0.01,입산자실화,강원 홍천 동 좌운 산80,강원특별자치도 홍천군,sgg,1060295.58465845,1972220.11985
170,2021-02-09 15:32:00,0.05,농산부산물소각,경남 하동 양보 우복 산98,경상남도 하동군 양보면 우복리,ri,1032112.11347555,1677440.01974856
171,2021-02-09 14:24:00,0.03,기타,경북 의성 금성 운곡 산61-2,경상북도 의성군 금성면 운곡리,ri,1110785.42933485,1809992.29002728
172,2021-02-09 13:19:00,1.0,기타,강원 삼척 신기 서하 산71외9필,강원특별자치도 삼척시 신기면 서하리,ri,1138987.24091633,1928901.4832987
174,2021-02-08 14:45:00,0.17,농산부산물소각,인천 강화 양도 인산 산39,인천광역시 강화군 양도면 인산리,ri,904369.098241887,1967249.69095798
178,2021-02-07 15:48:00,0.01,입산자실화,대구 남 대명 산224,대구광역시 남구 대명동,dong,1096805.08894892,1760475.26494958
179,2021-02-06 16:35:00,0.01,입산자실화,대구 남 대명 산198,대구광역시 남구 대명동,dong,1096805.08894892,1760475.26494958
181,2021-04-21 09:33:00,0.01,담뱃불실화,경기 양평 양서 양수 산55,경기도 양평군 양서면 양수리,ri,984253.394923125,1950277.40571797
184,2021-04-20 15:22:00,0.3,농산부산물소각,강원 홍천 남 명동 산32,강원특별자치도 홍천군 남면 명동리,ri,1022155.63924498,1959281.19316461
196,2021-04-17 09:33:00,0.01,기타,강원 홍천 동 월운 산120,강원특별자치도 홍천군,sgg,1060295.58465845,1972220.11985
197,2021-04-16 16:03:00,1.0,입산자실화,경북 영양 수비 신암 산19-84,경상북도 영양군 수비면 신암리,ri,1150266.15779901,1873929.87779187
199,2021-04-13 15:40:00,0.5,입산자실화,경북 봉화 재산 갈산 산582-1,경상북도 봉화군 재산면 갈산리,ri,1136632.57631382,1873303.74858884
200,2021-04-12 12:12:00,0.03,입산자실화,인천 중 남북 1005-2,인천광역시 중구 남북동,dong,903800.943348572,1939746.69222861
202,2021-04-11 19:00:00,0.01,입산자실화,충남 공주 이인 구암 산21,충청남도 공주시 이인면 구암리,ri,960205.754328819,1819425.90874933
203,2021-04-11 13:59:00,0.01,기타,경기 파주 월룡 덕은 산155,경기도 파주시,sgg,939099.203725639,1983532.8383
206,2021-04-11 12:21:00,0.03,입산자실화,전북 완주 문주 금당 산77외1,전북특별자치도 완주군,sgg,977015.303574773,1764259.1439
209,2021-04-11 10:17:00,1.0,입산자실화,"전북 무주 안선 진도 산100, 산100-1, 산99",전북특별자치도 무주군,sgg,1019563.72207594,1770206.62775
210,2021-04-11 10:13:00,0.5,기타,경북 봉화 재산 현동 산123-1,경상북도 봉화군 재산면 현동리,ri,1130748.80942751,1868058.49260761
214,2021-04-09 13:27:00,0.15,입산자실화,전남 화순 사평 사수 산106,전라남도 화순군 사평면 사수리,ri,966785.266987647,1666087.20117409
228,2021-04-02 12:54:00,0.02,농산부산물소각,경남 창녕 대합 모전 178-3,경상남도 창녕군 대합면 모전리,ri,1087466.77816332,1731510.1786738
233,2021-04-01 16:01:00,0.4,쓰레기소각,경기 안성 고삼 쌍지 산102,경기도 안성시 고삼면 쌍지리,ri,981137.700309342,1901697.99994631
235,2021-04-01 12:14:00,0.01,입산자실화,"충남 태안 남 양잠 산251, 227-2",충청남도 태안군 남면 양잠리,ri,895447.410142042,1850861.46877357
236,2021-04-01 12:10:00,0.1,담뱃불실화,충남 공주 우성 어천 산33-3,충청남도 공주시 우성면 어천리,ri,957892.888654358,1823863.68091963
238,2021-03-31 15:38:00,10.7,기타,강원 정선 신동 운치 산146번지외 1필지,강원특별자치도 정선군 신동읍 운치리,ri,1099850.31944207,1919855.68158245
239,2021-03-31 12:29:00,0.1,농산부산물소각,경북 군위 효령 장군 산23-1,대구광역시 군위군 효령면 장군리,ri,1095851.80026451,1793031.12358638
240,2021-03-30 14:11:00,0.5,기타,강원 삼척 가곡 탕곡 산24,강원특별자치도 삼척시 가곡면 탕곡리,ri,1152597.60736197,1907848.77369193
423,2021-02-04 13:02:00,0.01,기타,경남 통영 도산 수월 665,경상남도 통영시 도산면 수월리,ri,1076684.06486116,1654819.22011365
3827,2024-06-10 04:38:00,0.21,기타,인천 강화 양사 덕하 산6,인천광역시 강화군 양사면 덕하리,ri,905092.091071057,1978387.87825073
3851,2024-06-18 17:11:00,3.0,쓰레기소각,광주 북 생용 산75,광주광역시 북구 생용동,dong,945753.959212476,1692742.38069083
3853,2024-06-18 12:41:00,0.06,기타,경기 용인 처인 이동 송전 산67-1,경기도 용인시 처인구 이동읍 송전리,ri,974221.155104975,1904275.32169244
3859,2024-04-14 12:20:00,0.2,입산자실화,전남 곡성 겸 현정 산108,전라남도 곡성군 겸면 현정리,ri,969065.938394096,1694950.53339354
3863,2024-03-20 14:26:00,0.2,건축물화재비화,전북 순창 적성 괴정 산84,전북특별자치도 순창군 적성면 괴정리,ri,976369.840905201,1713192.72811106
3864,2024-03-20 13:52:00,0.4,담뱃불실화,전북 완주 구이 항가 산161,전북특별자치도 완주군 구이면 항가리,ri,965567.755490326,1746244.7499935
3866,2024-03-20 13:11:00,1.15,기타,광주 동 학 산157-3,광주광역시 동구 학동,dong,947726.435387579,1682491.0903
3869,2024-03-20 08:40:00,0.09,쓰레기소각,충남 서산 인지 성 산42-2,충청남도 서산시 인지면 성리,ri,902506.544355239,1865923.42349673
3871,2024-03-19 18:57:00,0.2,담뱃불실화,전남 강진 성전 영풍 산139,전라남도 강진군 성전면 영풍리,ri,928612.196646945,1635202.07544301
3875,2024-03-18 16:55:00,0.08,건축물화재비화,인천 서 대곡 136-5,인천광역시 서구 대곡동,dong,926545.450335461,1958726.59364926
3877,2024-03-18 15:55:00,0.39,쓰레기소각,경기 양평 양동 단석 산254,경기도 양평군 양동면 단석리,ri,1020660.47265574,1932990.19019477
3883,2024-03-17 14:24:00,0.15,입산자실화,전북 군산 옥도 선유도 산3-28,전북특별자치도 군산시 옥도면 선유도리,ri,901708.039887526,1759314.04151381
3894,2024-06-21 06:35:00,0.5,기타,충남 부여 새도 청포 산21-2,충청남도 부여군,sgg,943535.267763913,1803732.70205
3895,2024-06-13 13:29:00,0.8,기타,경북 김천 구성 마산 산151-1,경상북도 김천시 구성면 마산리,ri,1041112.52915023,1783665.48990321
3910,2024-05-24 13:27:00,0.5,농산부산물소각,전남 화순 사평 검산 산26,전라남도 화순군 사평면 검산리,ri,962636.257642685,1665384.74021538
3916,2024-04-12 13:14:00,2.0,기타,강원 양구 국토정중앙 가오작 산1-1,강원특별자치도 양구군 국토정중앙면 가오작리,ri,1049292.97663591,2015551.88485454
3920,2024-04-13 22:32:00,0.06,입산자실화,충남 홍성 은하 대율 산71-1,충청남도 홍성군 은하면 대율리,ri,918527.160980509,1840436.13580976
3937,2024-03-24 12:42:00,0.3,농산부산물소각,경기 화성 장안 장안 Jun-85,경기도 화성시 장안면 장안리,ri,941977.76411292,1893502.99342803
3939,2024-03-24 10:23:00,1.5,담뱃불실화,경기 안성 고삼 쌍지 산89-1,경기도 안성시 고삼면 쌍지리,ri,981137.700309342,1901697.99994631
3940,2024-03-23 14:46:00,0.03,기타,경기 가평 북 화악 산234-1,경기도 가평군 북면 화악리,ri,1004141.75316057,1995497.30652734
3942,2024-03-23 12:54:00,0.03,기타,충남 금산 남일 신천 산7-2,충청남도 금산군 남일면 신천리,ri,999082.033797104,1781052.54624123
3947,2023-04-22 16:05:00,0.33,기타,충남 부여 내산 운치 산10-4,충청남도 부여군 내산면 운치리,ri,935701.924119494,1808911.84102585
3949,2023-04-22 10:33:00,0.01,입산자실화,충남 태안 안면 중장 307-7,충청남도 태안군 안면읍 중장리,ri,899294.048889204,1831437.80736073
3950,2023-04-14 13:11:00,0.04,담뱃불실화,경남 함양 유림 옥매 산68-8,경상남도 함양군 유림면 옥매리,ri,1024333.84784488,1723472.19199635
3958,2023-04-22 22:30:00,0.45,건축물화재비화,경남 창원 마산합포 구산 수정 산33-1,경상남도 창원시 마산합포구 구산면 수정리,ri,1098079.19229878,1680987.1054322
3959,2023-04-22 17:32:00,0.01,입산자실화,전남 장흥 부산 호계 347-5,전라남도 장흥군 부산면 호계리,ri,947922.431882669,1636721.62611919
3962,2023-06-03 16:57:00,0.01,입산자실화,경기 포천 이동 장암 산74,경기도 포천시 이동면 장암리,ri,988481.168269756,2004398.00027687
3963,2023-04-19 23:40:00,0.03,입산자실화,전북 군산 옥도 어청도 산1,전북특별자치도 군산시 옥도면 어청도리,ri,862815.8949531,1792479.10847167
3968,2023-05-16 13:44:00,0.1,입산자실화,경북 포항 북 홍해 대련 산314,경상북도 포항시 북구,sgg,1152503.80258468,1798939.5183
3978,2023-05-12 13:48:00,0.01,입산자실화,경남 합천 가야 죽전 산25-1,경상남도 합천군 가야면 죽전리,ri,1051398.80909288,1751833.12074148
3983,2023-04-09 17:16:00,0.01,입산자실화,울산 동 동부 산120-1,울산광역시 동구 동부동,dong,1174504.03421564,1730099.91331455
3985,2023-04-09 12:12:00,0.01,기타,경기 연천 신서 대광 산190,경기도 연천군 신서면 대광리,ri,968603.95917185,2022998.41097832
4025,2023-03-14 14:36:00,3.0,기타,충남 금산 부리 평촌 895-1,충청남도 금산군 부리면 평촌리,ri,1005183.24454467,1787134.23772552
4027,2023-03-14 13:54:00,0.3,기타,전북 남원 대강 사석 산155,전북특별자치도 남원시 대강면 사석리,ri,976071.054421692,1705336.8749142
4029,2023-03-14 13:37:00,0.16,기타,강원 홍천 영귀미 삼현 50-13,강원특별자치도 홍천군 영귀미면 삼현리,ri,1036160.86628351,1962570.27608324
4056,2023-02-27 15:08:00,1.7,기타,충남 금산 복수 수영 산41-13,충청남도 금산군 복수면 수영리,ri,990181.425420597,1797628.41608641
4066,2023-02-23 13:22:00,0.03,기타,울산 북 시례 산160-1,울산광역시 북구 시례동,dong,1166062.1609645,1735757.57020771
4072,2023-02-08 14:52:00,0.15,기타,대전 서 흑석 산78-1,대전광역시 서구 흑석동,dong,986245.341438041,1807634.31932857
4077,2023-02-05 18:37:00,0.01,쓰레기소각,경남 함양 백전 운산 산84,경상남도 함양군 백전면 운산리,ri,1010964.4108838,1733333.49784061
4082,2023-02-01 22:32:00,0.9,기타,경북 울진 기성 정명 산151,경상북도 울진군 기성면 정명리,ri,1172511.43504702,1868519.0792297
4084,2023-03-17 16:23:00,0.09,쓰레기소각,부산 기장 장관 월평 산43,부산광역시 기장군,sgg,1153972.95484591,1700174.32695
4087,2023-05-23 16:52:00,0.8,기타,강원 횡성 서원 창촌 산182,강원특별자치도 횡성군 서원면 창촌리,ri,1031353.90037306,1943650.15464265
4090,2023-05-23 13:39:00,0.01,기타,경북 청도 이서 흥선 605-4,경상북도 청도군 이서면 흥선리,ri,1104960.1231776,1743978.7176611
4093,2023-05-17 11:10:00,0.3,기타,강원 평창 대화 대화 산554,강원특별자치도 평창군 대화면 대화리,ri,1085072.31798528,1945260.99530088
4095,2023-04-28 15:16:00,0.8,입산자실화,충북 청주 상당 미원 월용 산30,충청북도 청주시 상당구 미원면 월용리,ri,1018881.37098318,1848176.33921004
4098,2023-04-16 14:45:00,0.03,건축물화재비화,경기 광주 남송 귀여 산89-5,경기도 광주시,sgg,981570.710740748,1933503.31405
4099,2023-04-16 13:54:00,0.01,기타,강원 정선 신동 예미 산127,강원특별자치도 정선군 신동읍 예미리,ri,1101110.00960676,1914219.39388281
4107,2023-04-03 13:33:00,0.07,담뱃불실화,충남 아산 선장 선창 261-29,충청남도 아산시 선장면 선창리,ri,944898.991772309,1865563.10493193
4120,2023-04-02 15:36:00,0.1,입산자실화,전남 강진 대구 저두 05월 23일,전라남도 강진군 대구면 저두리,ri,935863.303592071,1615285.98669854
4121,2023-04-02 15:29:00,4.0,농산부산물소각,전북 고창 상하 송곡 산74-9,전북특별자치도 고창군 상하면 송곡리,ri,910767.097646318,1717072.31289493
4124,2023-04-02 15:03:00,1.0,기타,강원 원주 지정 안창 산13-21,강원특별자치도 원주시 지정면 안창리,ri,1026958.73087926,1928131.71415511
4127,2023-03-27 14:56:00,0.5,기타,강원 철원 서 자등 산387-1,강원특별자치도 철원군 서면 자등리,ri,991792.671441697,2017654.74842248
4159,2023-04-02 12:24:00,889.36,입산자실화,충남 금산 복수 신대 산24-3,충청남도 금산군 복수면 신대리,ri,989373.564059154,1803140.95297971
4164,2023-04-02 11:48:00,35.0,기타,경북 군위 소보 보현 산5,대구광역시 군위군 소보면 보현리,ri,1084250.04214585,1811458.11771446
4167,2023-04-02 11:14:00,0.1,기타,경북 포항 북 송라 중산 산110,경상북도 포항시 북구 송라면 중산리,ri,1159330.66997885,1807174.16641676
4168,2023-04-02 11:00:00,3.0,기타,경기 양평 지평 망미 산133외3필지,경기도 양평군 지평면 망미리,ri,1013804.69331459,1939002.70756709
4169,2023-04-02 11:00:00,1454.0,담뱃불실화,충남 홍성 서부 중 538,충청남도 홍성군 서부면 중리,ri,912774.010361801,1842245.05325159
4172,2023-04-02 09:50:00,1.2,기타,충남 천안 동남 북 명덕 산105-1,충청남도 천안시 동남구 북면 명덕리,ri,978474.241944462,1869282.44122363
4187,2023-04-04 10:50:00,0.1,입산자실화,전남 보성 안양 수문 산6-1,전라남도 보성군,sgg,969510.211056741,1646364.3729
4190,2023-05-26 22:16:00,2.0,입산자실화,강원 평창 대화 대화 산70,강원특별자치도 평창군 대화면 대화리,ri,1085072.31798528,1945260.99530088
4201,2023-04-24 08:39:00,0.01,건축물화재비화,경기 양주 남 경신 171-10,경기도 양주시 남면 경신리,ri,954531.745136595,1984417.67145284
4204,2023-04-12 13:50:00,0.1,입산자실화,전남 장흥 안양 수문 산30-1,전라남도 장흥군 안양면 수문리,ri,957313.157019772,1627011.75117836
4206,2022-04-04 12:15:00,0.01,쓰레기소각,경기 양평 양동 금왕 234,경기도 양평군 양동면 금왕리,ri,1020758.52307111,1941945.99700149
4207,2022-04-04 11:30:00,0.02,입산자실화,울산 중 다운 산165,울산광역시 중구 다운동,dong,1160326.8508588,1731808.8968
4209,2022-04-03 15:47:00,0.1,입산자실화,충북 보은 마로 갈천 산34-1,충청북도 보은군 마로면 갈천동,dong,1031240.78847475,1824826.88475
4214,2022-04-02 15:53:00,0.03,입산자실화,경기 양평 양서 국수 산50,경기도 양평군 양서면 국수리,ri,991275.756309908,1946775.18864105
4219,2022-04-02 11:54:00,0.5,쓰레기소각,경기 연천 신서 담곡 산128,경기도 연천군 신서면 담곡동,dong,965712.544207487,2021987.06725
4221,2022-04-01 13:46:00,0.01,기타,경남 사천 정동 화암 산50,경상남도 사천시 정동면 화암리,ri,1055473.98397251,1675836.01743518
4223,2022-04-01 01:55:00,1.0,입산자실화,전남 순천 서 구상 산42,전라남도 순천시 서면 구상리,ri,1003876.75153735,1668856.76211703
4227,2022-03-29 11:57:00,0.1,입산자실화,강원 삼척 가곡 탕곡 산7,강원특별자치도 삼척시 가곡면 탕곡리,ri,1152597.60736197,1907848.77369193
4230,2022-03-28 10:20:00,0.02,입산자실화,경남 창원 마산합포 구산 석곡 산186,경상남도 창원시 마산합포구 구산면 석곡리,ri,1096169.66349167,1680136.23667288
4238,2022-03-12 20:30:00,0.02,담뱃불실화,전북 남원 이백 춘문 산54,전북특별자치도 남원시 이백면 춘문동,dong,996192.193031556,1715199.2019
4240,2022-03-12 12:49:00,3.0,기타,전남 함평 나산 월봉 산10,전라남도 함평군 나산면 월봉리,ri,917089.002890486,1681177.56911174
4242,2022-03-12 11:34:00,0.05,기타,강원 춘천 동산 군자 산12-13,강원특별자치도 춘천시 동산면 군자리,ri,1021371.2573999,1973960.95144183
4243,2022-03-12 07:52:00,3.8,기타,경남 산청 사천 내대 산325,경상남도 산청군,sgg,1037021.88192632,1711364.3547
4250,2022-03-10 14:04:00,0.1,담뱃불실화,충남 공주 우성 내산 산17-1,충청남도 공주시 우성면 내산리,ri,962629.984706318,1834692.02391841
4254,2022-03-09 20:07:00,1.0,기타,울산 북 천곡 산4,울산광역시 북구 천곡동,dong,1164953.31617212,1740790.2566928
4256,2022-03-09 14:50:00,0.3,기타,전북 임실 강진 학석 산31-1,전북특별자치도 임실군 강진면 학석리,ri,966429.235963236,1729905.9052999
4258,2022-03-09 14:17:00,0.1,농산부산물소각,경남 창녕 고암 간상 산107,경상남도 창녕군 고암면 간상리,ri,1090830.69817202,1733947.80747024
4262,2022-03-08 20:01:00,1.0,입산자실화,전북 장수 변암 동화 산108-1,전북특별자치도 장수군,sgg,1004469.61694011,1739637.57985
4270,2022-03-06 16:40:00,0.1,기타,경남 남해 이동 무림 230,경상남도 남해군 이동면 무림리,ri,1041937.26180058,1644400.61918282
4279,2022-03-05 15:05:00,0.02,기타,충남 청양 남양 신왕 산98,충청남도 청양군 남양면 신왕리,ri,931651.538198652,1823743.75199534
4294,2022-03-04 11:17:00,16301.98,기타,경북 울진 북 두천 산154,경상북도 울진군 북면 두천리,ri,1158394.32754886,1892748.26650669
4296,2022-03-04 01:01:00,0.01,기타,인천 강화 길상 온수 산42,인천광역시 강화군 길상면 온수리,ri,910248.743113223,1960670.22242859
4305,2022-03-01 17:21:00,0.05,기타,충남 홍성 서부 상황 산11-2,충청남도 홍성군 서부면 상황리,ri,908590.645848291,1842761.14623896
4308,2022-02-28 17:26:00,0.01,입산자실화,충북 단양 대강 성금 산17-1,충청북도 단양군 대강면 성금리,ri,1079452.61619302,1876416.90486004
4309,2022-02-28 16:15:00,0.1,입산자실화,전남 곡성 겸 괴정 산11,전라남도 곡성군 겸면 괴정리,ri,973125.612002086,1695305.54449052
4317,2022-02-27 14:25:00,1.5,입산자실화,충남 태안 이원 내 966-22,충청남도 태안군 이원면 내리,ri,892708.174187868,1883258.31192412
4321,2022-02-27 13:26:00,2.0,입산자실화,울산 동 전하 산159,울산광역시 동구 전하동,dong,1175209.63265839,1725849.04712638
4322,2022-02-27 09:27:00,0.1,입산자실화,충북 단양 적성 하진 산29,충청북도 단양군 적성면 하진리,ri,1070168.00544389,1882440.68563571
4329,2023-03-26 14:52:00,1.2,기타,강원 홍천 영귀미 좌운 산16-1,강원특별자치도 홍천군 영귀미면 좌운리,ri,1045926.26793031,1959784.88657212
4330,2023-03-26 14:50:00,0.04,입산자실화,경기 양주 백석 방성 산54-1,경기도 양주시 백석읍 방성리,ri,956403.550410917,1978285.25909535
4336,2023-03-22 19:47:00,0.5,쓰레기소각,전북 진안 성수 좌포 산226,전북특별자치도 진안군 성수면 좌포리,ri,983265.581683809,1749854.99325285
4338,2023-03-22 16:11:00,0.5,건축물화재비화,충북 청주 상당 남성 귀래 산23,충청북도 청주시 상당구,sgg,1003551.79759301,1841264.1054
4341,2023-03-22 12:41:00,0.2,기타,충남 태안 소원 신덕 산267,충청남도 태안군 소원면 신덕리,ri,882990.440268595,1865358.89378237
4343,2023-03-22 12:20:00,1.0,입산자실화,충북 단양 적성 성곡 산1-1,충청북도 단양군 적성면 성곡리,ri,1068157.55850665,1883418.75287257
4344,2023-03-22 12:16:00,0.5,기타,강원 양구 국토정중앙 적 산149,강원특별자치도 양구군 국토정중앙면 적리,ri,1051201.63368914,2018713.50405381
4356,2023-03-18 14:01:00,0.1,입산자실화,충북 제천 한수 북노 산20-7,충청북도 제천시 한수면 북노리,ri,1050569.77619228,1881596.30281352
4363,2023-03-01 14:37:00,0.3,쓰레기소각,전남 나주 동강 곡천 산243,전라남도 나주시 동강면 곡천리,ri,913038.004831885,1659970.69084996
4365,2023-02-24 17:47:00,0.01,입산자실화,대전 서 장안 산56,대전광역시 서구 장안동,dong,985688.162999,1801400.21445131
4369,2023-02-22 14:52:00,0.1,기타,경기 파주 월룡 도내 269-9,경기도 파주시,sgg,939099.203725639,1983532.8383
4371,2023-02-22 11:53:00,2.1,농산부산물소각,충북 청주 상당 문의 문덕 산6,충청북도 청주시 상당구 문의면 문덕리,ri,1001347.04003986,1829902.55637059
4376,2023-02-20 11:29:00,0.1,담뱃불실화,경북 군위 소보 내의 산167-1,대구광역시 군위군 소보면 내의리,ri,1090321.70854343,1810392.74864761
4383,2023-02-09 19:40:00,0.01,담뱃불실화,충남 논산 가양곡 함적 산1-4,충청남도 논산시,sgg,969189.038689975,1800568.9699
4385,2023-02-04 18:20:00,0.1,입산자실화,경북 포항 북 기계 봉계 산82,경상북도 포항시 북구 기계면 봉계리,ri,1149082.51039539,1787067.18112861
4393,2023-04-12 11:02:00,0.01,기타,충남 금산 남일 신동 691-2,충청남도 금산군 남일면 신동리,ri,999289.907508084,1777867.81504677
4395,2023-05-03 16:28:00,0.2,기타,강원 영월 한반도 쌍용 산123-13,강원특별자치도 영월군 한반도면 쌍용리,ri,1072925.19986754,1909799.75415224
4403,2023-05-03 12:27:00,2.0,입산자실화,강원 양구 국토정중앙 명곶 산1-1,강원특별자치도 양구군 국토정중앙면 명곶리,ri,1044647.19812381,2002612.58200168
4404,2023-06-19 14:45:00,0.06,기타,강원 춘천 남산 산수 산78-1,강원특별자치도 춘천시 남산면 산수리,ri,1014476.89022531,1967228.83223175
4421,2023-03-20 13:48:00,12.0,농산부산물소각,충남 서천 마산 요곡 산46,충청남도 서천군 마산면 요곡리,ri,938746.655954226,1792179.69111041
4422,2023-03-20 13:31:00,0.1,기타,전남 고흥 영남 양사 산167-14,전라남도 고흥군 영남면 양사리,ri,996535.667949874,1622740.65633885
4436,2023-02-17 05:59:00,0.1,건축물화재비화,전남 광양 진상 어치 산293,전라남도 광양시 진상면 어치리,ri,1014888.19243591,1676701.17841594
4440,2022-02-26 16:39:00,5.0,기타,강원 인제 기린 현 산131,강원특별자치도 인제군 기린면 현리,ri,1071827.01203757,1995069.10443982
4442,2022-02-26 15:03:00,0.05,입산자실화,부산 북 만덕 산3,부산광역시 북구 만덕동,dong,1139962.25386878,1691845.15496992
4445,2022-02-26 11:59:00,0.5,입산자실화,충북 청주 서원 현도 달계 산25,충청북도 청주시 서원구 현도면 달계리,ri,994499.221841662,1830974.0164862
4446,2022-02-26 09:35:00,2.0,쓰레기소각,전남 신안 측산 수 177,전라남도 신안군,sgg,874274.132553781,1638262.5055
4447,2022-02-26 07:58:00,0.02,기타,강원 횡성 서원 창촌 산12-1,강원특별자치도 횡성군 서원면 창촌리,ri,1031353.90037306,1943650.15464265
4448,2022-02-26 05:43:00,0.06,기타,인천 강화 송해 양오 산6,인천광역시 강화군 송해면 양오리,ri,906926.60505635,1977508.43780817
4451,2022-02-25 16:42:00,0.2,건축물화재비화,울산 북 어물 산101,울산광역시 북구 어물동,dong,1174570.56710852,1732815.62956343
4453,2022-02-25 14:17:00,2.0,농산부산물소각,전남 순천 상사 흘산 산142,전라남도 순천시 상사면 흘산리,ri,995846.68434977,1661014.89155348
4456,2022-02-25 05:16:00,0.5,기타,경북 김천 구성 금평 산49-5,경상북도 김천시 구성면 금평리,ri,1050771.99459915,1779817.70612076
4458,2022-02-24 17:55:00,1.4,기타,강원 화천 하남 계성 산19,강원특별자치도 화천군 하남면 계성리,ri,1009067.17356964,2010028.86016417
4467,2022-02-24 13:43:00,0.15,입산자실화,충남 공주 우성 옥성 산33-1,충청남도 공주시 우성면 옥성리,ri,962459.771245019,1828881.67781176
4470,2022-02-23 20:27:00,0.2,기타,경북 봉화 법전 풍정 488,경상북도 봉화군 법전면 풍정리,ri,1120504.35546173,1879438.52306899
4475,2022-02-22 19:48:00,0.06,기타,경기 광주 남한산성 산성 산2-1,경기도 광주시 남한산성면 산성리,ri,972340.666988402,1942238.78992352
4484,2022-02-21 15:39:00,0.01,입산자실화,충남 부여 남 회동 산23-3,충청남도 부여군 남면 회동리,ri,937701.205421246,1801474.51327056
4486,2022-02-21 12:36:00,0.3,담뱃불실화,전남 함평 나산 구산 산43,전라남도 함평군 나산면 구산리,ri,914841.884746688,1679488.50747518
4492,2022-02-20 07:06:00,0.07,입산자실화,경남 거제 하청 연구 산76,경상남도 거제시 하청면 연구리,ri,1103075.47821605,1666286.20714731
4495,2022-02-19 18:19:00,0.03,건축물화재비화,충남 태안 소원 파도 산34-1,충청남도 태안군 소원면 파도리,ri,878419.727567605,1860046.27016977
4632,2022-06-05 06:47:00,0.1,입산자실화,경기 남양주 조안 시우 산38,경기도 남양주시 조안면 시우리,ri,981184.967916171,1954527.54663849
4638,2022-06-03 12:50:00,0.01,기타,대전 서 괴곡 산74,대전광역시 서구 괴곡동,dong,986593.859545704,1809516.03140807
4642,2022-06-02 07:36:00,0.2,기타,강원 정선 남 무릉 산475,강원특별자치도 정선군 남면 무릉리,ri,1113655.70817803,1917481.10834751
4643,2022-06-02 03:43:00,0.04,담뱃불실화,경기 양주 백석 기산 산139-1,경기도 양주시 백석읍 기산리,ri,951947.410998559,1974815.59527406
4645,2022-06-01 17:07:00,0.06,입산자실화,경북 청송 진보 고현 산1-1,경상북도 청송군 진보면 고현리,ri,1142880.87049632,1835936.34881261
4649,2022-05-31 19:20:00,0.1,기타,전북 고창 고수 은사 962,전북특별자치도 고창군 고수면 은사리,ri,928770.736650622,1709788.91637703
4655,2022-05-29 22:25:00,0.2,기타,경남 거제 하청 덕곡 산17-1,경상남도 거제시 하청면 덕곡리,ri,1102023.8777398,1662821.83513855
4657,2022-05-29 15:16:00,0.01,입산자실화,경남 산청 오부 왕촌 산20,경상남도 산청군 오부면 왕촌리,ri,1035499.84747748,1725237.19578349
4663,2022-05-27 17:40:00,0.03,건축물화재비화,경북 포항 북 청하 신흥 산71,경상북도 포항시 북구 청하면 신흥리,ri,1168736.63631157,1797322.61996622
4677,2022-05-25 15:00:00,0.21,기타,강원 인제 기린 서사 산39,강원특별자치도 인제군 기린면 서사동,dong,1074175.01485148,1996095.723
4678,2022-05-25 12:09:00,0.01,입산자실화,울산 남 선암 산159-1,울산광역시 남구 선암동,dong,1168554.21456323,1722753.6017
4681,2022-05-24 00:16:00,0.06,입산자실화,경북 포항 북 홍해 대련 산138-1,경상북도 포항시 북구,sgg,1152503.80258468,1798939.5183
4682,2022-05-23 18:28:00,0.01,기타,경남 함양 유림 손곡 산24-4,경상남도 함양군 유림면 손곡리,ri,1025066.15347368,1717681.56157665
4690,2022-05-21 19:59:00,0.3,입산자실화,전북 순창 동계 어치 산101-1,전북특별자치도 순창군 동계면 어치리,ri,973135.662622493,1719989.97848324
4693,2022-05-21 16:55:00,0.16,농산부산물소각,경북 경산 남산 우검 산67-2,경상북도 경산시 남산면 우검리,ri,1120768.84684644,1754344.4021019
4701,2022-05-20 09:20:00,0.1,입산자실화,경북 포항 북 송라 지경 산4,경상북도 포항시 북구 송라면 지경리,ri,1168166.3736179,1808693.00851914
4703,2022-05-19 14:20:00,0.01,건축물화재비화,울산 북 염포 산96,울산광역시 북구 염포동,dong,1172066.07166336,1728506.87315
4708,2022-05-18 14:00:00,0.6,입산자실화,충남 당진 고대 당진포 794-4,충청남도 당진시 고대면 당진포리,ri,915223.950082936,1884934.7092372
4709,2022-05-18 13:20:00,0.9,기타,충남 공주 우성 동대 산44-4,충청남도 공주시 우성면 동대리,ri,960093.762573591,1831429.77429584
4723,2022-05-16 06:10:00,0.2,입산자실화,전북 고창 해리 방축 산49,전북특별자치도 고창군 해리면 방축리,ri,909236.807601003,1721516.88754529
4745,2022-05-07 11:51:00,0.05,입산자실화,경북 포항 홍해 덕장 산17,경상북도 포항시 남구,sgg,1174112.83270431,1775850.579
4749,2022-05-05 12:58:00,0.05,입산자실화,충북 괴산 사리 이곡 산69-2,충청북도 괴산군 사리면 이곡리,ri,1019483.61562692,1867025.18235734
4752,2022-05-04 14:19:00,0.1,입산자실화,전남 장흥 부산 호계 산4,전라남도 장흥군 부산면 호계리,ri,947922.431882669,1636721.62611919
4762,2022-05-01 13:11:00,0.3,쓰레기소각,경기 파주 적성 구읍 산1-16,경기도 파주시 적성면 구읍리,ri,949527.523633513,1996175.08167486
4765,2022-04-26 13:22:00,0.16,기타,경기 포천 이동 노곡 산108-2,경기도 포천시 이동면 노곡리,ri,985413.825383751,2002423.01404403
4766,2022-04-25 16:57:00,0.05,기타,강원 영월 북 마차 산1-1,강원특별자치도 영월군 북면 마차리,ri,1085425.0847426,1918645.47287117
4767,2022-04-25 15:28:00,0.01,입산자실화,대구 남 대명 산288-2,대구광역시 남구 대명동,dong,1096805.08894892,1760475.26494958
4770,2022-04-25 14:45:00,0.06,입산자실화,전북 진안 상전 주평 산239,전북특별자치도 진안군 상전면 주평리,ri,998960.669560124,1757137.1614327
4775,2022-04-24 14:59:00,0.2,입산자실화,충북 청주 상당 미원 계원 산25-1,충청북도 청주시 상당구 미원면 계원리,ri,1022842.11891266,1845202.57590678
4777,2022-04-24 14:19:00,0.01,입산자실화,경북 포항 남 대이 산114,경상북도 포항시 남구,sgg,1174112.83270431,1775850.579
4779,2022-04-24 12:08:00,0.02,기타,충남 당진 정미 덕삼 산30-7,충청남도 당진시 정미면 덕삼리,ri,913768.491820757,1871074.63036281
4782,2022-04-23 14:19:00,0.05,입산자실화,경북 봉화 재산 현동 산128,경상북도 봉화군 재산면 현동리,ri,1130748.80942751,1868058.49260761
4787,2022-04-22 21:53:00,0.6,기타,강원 춘천 서 방동 산110-2,강원특별자치도 춘천시 서면 방동리,ri,1013662.05339329,1989281.29930301
4790,2022-04-22 13:03:00,3.0,입산자실화,경북 영주 이산 지동 산192-1,경상북도 영주시 이산면 지동리,ri,1108797.10624067,1872949.28958226
4803,2022-04-20 14:35:00,0.1,담뱃불실화,경남 창녕 고암 감 978-3,경상남도 창녕군 고암면 감리,ri,1097027.02290939,1729839.92036986
4804,2022-04-20 14:28:00,0.01,기타,경기 남양주 조안 심봉 산19-19,경기도 남양주시 조안면 심봉동,dong,981902.196866957,1951143.13855
4806,2022-04-20 13:00:00,9.7,기타,강원 영월 북 마차 산5-1,강원특별자치도 영월군 북면 마차리,ri,1085425.0847426,1918645.47287117
4813,2022-04-19 13:45:00,0.25,입산자실화,대구 북 읍내 산8,대구광역시 북구 읍내동,dong,1094587.90971601,1773791.6094
4815,2022-04-19 11:31:00,0.01,입산자실화,경남 산청 신동 장천 산218,경상남도 산청군,sgg,1037021.88192632,1711364.3547
4818,2022-04-18 17:16:00,0.03,입산자실화,인천 서 검안 산72-12,인천광역시 서구,sgg,925529.223032439,1951019.744
4819,2022-04-18 16:26:00,0.01,입산자실화,울산 북 어물 산418,울산광역시 북구 어물동,dong,1174570.56710852,1732815.62956343
4822,2022-04-18 11:56:00,0.2,입산자실화,경북 포항 남 호미곶 대보 산13-1,경상북도 포항시 남구 호미곶면 대보리,ri,1185706.66211489,1786822.25333
4823,2022-04-18 11:41:00,0.46,기타,경기 가평 상 임초 산95-1,경기도 가평군 상면 임초리,ri,988856.136344051,1972702.43679092
4827,2022-04-17 12:31:00,0.2,기타,강원 인제 남 님전 산204,강원특별자치도 인제군 남면 님전동,dong,1053108.93559049,1999950.1991
4829,2022-04-17 09:32:00,0.1,농산부산물소각,경북 군위 부계 신화 산95,대구광역시 군위군 부계면 신화리,ri,1103253.59731294,1790136.0775797
4830,2022-04-16 16:20:00,0.6,입산자실화,전남 보성 검백 온덕 산92,전라남도 보성군,sgg,969510.211056741,1646364.3729
4831,2022-04-16 15:41:00,0.01,기타,대구 북 구암 산64,대구광역시 북구 구암동,dong,1096701.48429615,1771128.90365
4836,2022-04-15 10:00:00,0.3,입산자실화,전남 영암 미왕 두억 산25,전라남도 영암군,sgg,923493.888564113,1645637.0369
4841,2022-04-12 16:08:00,0.21,입산자실화,충남 공주 우성 방문 산37,충청남도 공주시 우성면 방문리,ri,961394.62436846,1832157.68714228
4842,2022-04-12 15:14:00,0.3,기타,강원 홍천 서 길곡 산43,강원특별자치도 홍천군 서면 길곡리,ri,1006523.39664942,1961543.2373168
4850,2022-04-11 11:21:00,3.5,기타,강원 정선 남 문곡 산91-1,강원특별자치도 정선군 남면 문곡리,ri,1109736.77019454,1916995.20461814
4851,2022-04-11 09:09:00,0.01,입산자실화,대구 달성 유가 양 산3-1,대구광역시 달성군 유가읍 양리,ri,1090730.10428532,1746529.20146263
4858,2022-04-10 14:46:00,2.5,입산자실화,경북 경주 양북 입천 산104-19,경상북도 경주시,sgg,1154276.90127576,1763908.0154
4859,2022-04-10 14:02:00,0.01,건축물화재비화,경남 거창 주상 성기 산25,경상남도 거창군 주상면 성기리,ri,1038033.72552834,1752460.75955183
4863,2022-04-10 13:10:00,347.0,입산자실화,경북 군위 삼국유사 화북 산4,대구광역시 군위군 삼국유사면 화북리,ri,1114966.32068791,1792506.46687644
4865,2022-04-10 13:05:00,0.06,기타,경기 파주 법원 직천 산74,경기도 파주시 법원읍 직천리,ri,949217.563635426,1988076.76713628
4867,2022-04-10 12:47:00,0.2,기타,강원 고성 토성 원암 산112,강원특별자치도 고성군 토성면 원암리,ri,1085360.65125544,2023216.54418439
4868,2022-04-10 12:41:00,3.0,기타,강원 인제 북 월학 산328,강원특별자치도 인제군 북면 월학리,ri,1060450.17816337,2018195.36337608
4872,2022-04-10 07:52:00,0.3,기타,경남 산청 신동 장천 산89,경상남도 산청군,sgg,1037021.88192632,1711364.3547
4873,2022-04-10 02:35:00,0.01,입산자실화,대구 북 침산 산16-26,대구광역시 북구 침산동,dong,1097938.99453609,1766883.75877239
4874,2022-04-09 17:50:00,0.45,기타,경기 가평 청펑 대성 산42-8,경기도 가평군,sgg,991872.002190388,1979061.68165
4876,2022-04-09 15:50:00,0.5,입산자실화,충남 계룡 두마 농소 산18-1,충청남도 계룡시 두마면 농소리,ri,977508.251057938,1806527.08393534
4877,2022-04-09 15:05:00,0.1,쓰레기소각,충남 서천 마산 나궁 산31,충청남도 서천군 마산면 나궁리,ri,934752.257471011,1797660.25354114
4881,2022-04-09 13:17:00,4.0,농산부산물소각,충남 청양 목 대평 산46-1,충청남도 청양군 목면 대평리,ri,954449.70713836,1823485.40436551
4888,2022-04-09 10:53:00,1.0,기타,경기 포천 관인 초과 산71,경기도 포천시 관인면 초과리,ri,976943.776314939,2015960.13734616
4889,2022-04-09 10:45:00,0.12,입산자실화,전남 장흥 부산 호계 산20,전라남도 장흥군 부산면 호계리,ri,947922.431882669,1636721.62611919
4901,2022-04-07 14:30:00,0.4,입산자실화,전북 진안 성수 좌산 산5,전북특별자치도 진안군 성수면 좌산리,ri,983820.58197824,1743827.04341644
4903,2022-04-07 11:03:00,0.2,기타,경기 연천 마산 광동 산50-1,경기도 연천군,sgg,958046.601203344,2011769.2041
4908,2022-04-06 13:34:00,0.1,기타,경북 청송 진보 월전 산42,경상북도 청송군 진보면 월전리,ri,1140976.35692439,1837984.45897981
4917,2022-04-04 17:02:00,0.1,쓰레기소각,경기 파주 적성 어유지 산70-8,경기도 파주시 적성면 어유지리,ri,954595.49223095,1999857.58723004
5020,2023-03-29 13:22:00,0.5,입산자실화,경남 거제 하청 대곡 산8-6,경상남도 거제시 하청면 대곡리,ri,1103769.51146537,1668489.99773682
5024,2024-03-14 11:53:00,0.04,농산부산물소각,충남 천안 동남 수신 해정 산43-7,충청남도 천안시 동남구 수신면 해정리,ri,979490.97764486,1857758.28156441
5025,2024-03-14 11:23:00,0.03,농산부산물소각,충남 천안 동남 수신 신풍 158-3,충청남도 천안시 동남구 수신면 신풍리,ri,979577.219162292,1860044.98365178
5031,2024-02-17 17:03:00,0.01,입산자실화,경북 의성 다인 봉정 산11,경상북도 의성군 다인면 봉정리,ri,1079449.40154754,1832497.1092125
5033,2024-02-13 14:18:00,0.03,쓰레기소각,충북 청주 상당 남일 고은 산110,충청북도 청주시 상당구 남일면 고은리,ri,1001624.50262349,1840788.73598615
5037,2024-02-01 10:33:00,0.01,기타,충남 보령 청소 성연 350-1,충청남도 보령시 청소면 성연리,ri,922537.174707487,1828086.49910118
5038,2024-03-28 10:30:00,0.01,기타,강원 인제 북 월학 산175,강원특별자치도 인제군 북면 월학리,ri,1060450.17816337,2018195.36337608
5041,2024-04-19 13:49:00,0.2,기타,강원 영월 무릉도원 운학 산105-2,강원특별자치도 영월군 무릉도원면 운학리,ri,1061918.42866085,1928775.93428767
5042,2024-03-29 13:09:00,0.27,기타,경북 울진 북 두천 산92-1,경상북도 울진군 북면 두천리,ri,1158394.32754886,1892748.26650669
5049,2024-04-08 15:02:00,0.1,입산자실화,경남 진해 진례 고모 산32-5,,,,
5052,2024-04-07 15:02:00,0.05,기타,경기 가평 북 백둔 산15-32,경기도 가평군 북면 백둔리,ri,995757.571650475,1989674.22674577
5054,2024-04-07 14:17:00,0.08,기타,인천 서 공촌 산1-6,인천광역시 서구 공촌동,dong,929051.336560949,1950505.41930136
5055,2024-04-07 14:16:00,0.03,기타,강원 양양 강현 정암 141-2외1,강원특별자치도 양양군 강현면 정암리,ri,1097121.99826232,2016287.02820274
5067,2023-03-31 20:00:00,0.05,기타,경기 연천 왕징 무등 산97-7,경기도 연천군 왕징면 무등리,ri,956512.3120733,2007400.19949713
5068,2023-03-31 16:47:00,0.01,입산자실화,경기 광주 남한산성 하번천 산70-3,경기도 광주시 남한산성면 하번천리,ri,980998.095441059,1937844.8121457
5087,2023-03-06 13:56:00,0.5,기타,전남 장성 진원 산동 444-1,전라남도 장성군 진원면 산동리,ri,940295.199660103,1695086.44844731
5088,2023-03-06 13:08:00,0.15,쓰레기소각,강원 횡성 서원 석화 산129,강원특별자치도 횡성군 서원면 석화리,ri,1027873.8055001,1942287.56957444
5093,2023-03-06 09:56:00,0.02,입산자실화,경남 합천 가야 치인 산10,경상남도 합천군 가야면 치인리,ri,1052735.15679481,1756270.38460323
5098,2023-03-05 14:13:00,0.3,쓰레기소각,전남 완도 신지 월양 산232-1,전라남도 완도군 신지면 월양리,ri,940476.406648614,1591397.05223828
5100,2023-03-05 12:46:00,0.05,입산자실화,경남 창녕 대합 주매 산32,경상남도 창녕군 대합면 주매리,ri,1083826.37659719,1730251.11194749
5107,2023-02-26 14:41:00,0.6,농산부산물소각,인천 강화 송해 양오 산132,인천광역시 강화군 송해면 양오리,ri,906926.60505635,1977508.43780817
5109,2023-02-26 14:20:00,0.5,농산부산물소각,전북 임실 강진 갈담 산69,전북특별자치도 임실군 강진면 갈담리,ri,969439.820111962,1726685.27433087
5111,2023-02-26 14:05:00,0.1,쓰레기소각,경기 안성 금광 현곡 산76-5,경기도 안성시 금광면 현곡리,ri,986672.511308423,1885629.72415218
5113,2023-02-26 13:33:00,0.03,농산부산물소각,전남 순천 서 동산 산86-19,전라남도 순천시 서면 동산리,ri,997491.441745645,1667365.72420163
5114,2023-02-26 13:27:00,0.1,입산자실화,충북 단양 대강 황정 산35,충청북도 단양군 대강면 황정리,ri,1075631.15054107,1874804.1341863
5116,2023-02-26 13:00:00,0.5,쓰레기소각,전남 화순 이양 구례 산60-2,전라남도 화순군 이양면 구례리,ri,958741.234140196,1651206.99125783
5117,2023-02-26 12:50:00,0.2,기타,전북 임실 삼계 삼계 346,전북특별자치도 임실군 삼계면 삼계리,ri,979296.766720291,1723834.55303188
5122,2023-03-13 09:33:00,0.03,기타,전남 화순 이양 장치 산42,전라남도 화순군 이양면 장치리,ri,959197.164888108,1658435.52404335
5124,2023-03-02 21:48:00,0.1,입산자실화,경남 하동 양보 지례 산19-47,경상남도 하동군 양보면 지례리,ri,1033632.65207242,1672370.28382545
5127,2023-03-02 15:20:00,0.2,입산자실화,전북 임실 성수 태평 산226,전북특별자치도 임실군 성수면 태평리,ri,987728.273425875,1739037.33090387
5132,2023-03-02 11:46:00,0.5,기타,전남 담양 용 월계 산1-2,전라남도 담양군 용면 월계리,ri,954000.162254462,1711941.20388983
5140,2023-02-28 16:56:00,0.24,농산부산물소각,경북 문경 신북 호암 산129,경상북도 문경시,sgg,1056546.7732436,1855147.20955
5148,2023-02-28 14:07:00,9.1,쓰레기소각,경북 성주 금수 영천 466,경상북도 성주군 금수강산면 영천리,ri,1052405.13096662,1767984.64008432
5152,2023-03-11 15:51:00,4.0,쓰레기소각,광주 북 동림 산93,광주광역시 북구 동림동,dong,941957.199150507,1687680.5265
5153,2023-03-11 15:35:00,0.02,기타,경기 파주 조리 능안 산146-16,경기도 파주시 조리읍 능안리,ri,937059.153086056,1971545.06304961
5157,2023-03-11 14:35:00,1.0,입산자실화,대구 남 대명 산196-3,대구광역시 남구 대명동,dong,1096805.08894892,1760475.26494958
5161,2023-03-11 12:42:00,0.15,기타,강원 홍천 서 개야 158-2,강원특별자치도 홍천군 서면 개야리,ri,1011681.66242495,1964591.0601986
5168,2024-03-10 14:31:00,0.01,기타,경기 파주 적성 무건 산1,경기도 파주시 적성면 무건리,ri,950300.299158177,1990180.98960861
5171,2024-03-09 12:59:00,0.4,쓰레기소각,충북 음성 삼성 천평 467-4,충청북도 음성군 삼성면 천평리,ri,1000300.1980328,1887255.30266634
5172,2024-03-09 12:57:00,0.07,쓰레기소각,"충남 서천 마산 시선 산51-1,산50",충청남도 서천군 마산면 시선리,ri,936072.881268857,1795116.53677335
5180,2023-03-30 13:15:00,0.33,기타,인천 서 왕길 산76-6,인천광역시 서구 왕길동,dong,924918.475009504,1955054.61138069
5192,2023-03-16 21:05:00,0.05,기타,강원 영월 남 연당 산8-12,강원특별자치도 영월군 남면 연당리,ri,1080917.09391805,1907448.48174414
5200,2023-02-25 18:00:00,1.0,기타,충남 금산 부리 방우 산9,충청남도 금산군 부리면 방우리,ri,1010345.27557711,1781778.19200141
5205,2023-02-25 13:01:00,0.1,담뱃불실화,전남 순천 상사 쌍지 산208-5,전라남도 순천시 상사면 쌍지리,ri,991795.484966849,1659751.87689755
5207,2023-02-25 12:40:00,0.05,쓰레기소각,경남 거창 북상 갈계 산160,경상남도 거창군 북상면 갈계리,ri,1028779.91395899,1754974.87660374
5210,2023-02-07 15:09:00,0.01,기타,경북 상주 이안 아천 산107,경상북도 상주시 이안면 아천리,ri,1053110.82985623,1840630.7235216
5213,2023-02-07 09:34:00,0.01,기타,경기 양평 양서 신원 산87,경기도 양평군 양서면 신원리,ri,989010.22012578,1948145.29217309
5214,2023-02-06 22:16:00,0.3,기타,경남 합천 봉산 양지 산132,경상남도 합천군 봉산면 양지리,ri,1045810.43323273,1733650.68790256
5215,2023-02-06 18:23:00,0.03,쓰레기소각,경북 상주 중등 회상 산73,경상북도 상주시,sgg,1053621.90216995,1827828.5359
5216,2023-02-06 13:50:00,0.3,쓰레기소각,전북 임실 성수 성수 산70,전북특별자치도 임실군 성수면 성수리,ri,990328.262338537,1738284.28567355
5222,2023-03-08 14:20:00,0.03,입산자실화,대구 북 조야 산7-1,대구광역시 북구 조야동,dong,1097077.85706607,1769431.68915649
5226,2023-03-08 10:50:00,2.0,쓰레기소각,전남 화순 백아 송단 산10,전라남도 화순군 백아면 송단리,ri,970347.319865933,1687699.60885896
5229,2023-03-07 18:28:00,0.03,담뱃불실화,대구 북 노곡 산87-4,대구광역시 북구 노곡동,dong,1095656.90938058,1768768.1800632
5237,2023-03-04 18:29:00,0.01,기타,광주 동 지산 산122-2,광주광역시 동구 지산동,dong,949218.151368571,1683858.80292776
5238,2023-03-04 18:09:00,4.0,입산자실화,대구 남 대명 산306,대구광역시 남구 대명동,dong,1096805.08894892,1760475.26494958
5240,2023-03-04 13:40:00,0.5,쓰레기소각,전남 화순 동 대포 산6,전라남도 화순군 동면 대포리,ri,955605.43100265,1669219.15492027
5242,2023-03-04 10:50:00,0.01,기타,대전 서 용촌 산35,대전광역시 서구 용촌동,dong,984027.549044171,1806124.80827104
5247,2024-03-22 12:34:00,0.8,기타,충북 보은 속리산 북암 163-1,충청북도 보은군 속리산면 북암리,ri,1025963.06447719,1838923.71342625
5253,2024-02-12 13:02:00,0.2,농산부산물소각,전남 나주 다도 판촌 산37,전라남도 나주시 다도면 판촌리,ri,940625.285372432,1663597.26575611
5259,2023-03-21 14:36:00,5.0,쓰레기소각,경기 가평 북내 적목 산147,경기도 가평군,sgg,991872.002190388,1979061.68165
5261,2023-03-21 14:05:00,0.1,기타,경남 의령 영덕 죽전 산71,경상남도 의령군,sgg,1071397.87400202,1710228.1081
5265,2023-03-21 12:48:00,1.0,건축물화재비화,충북 청주 상당 남성 추정 산102,충청북도 청주시 상당구,sgg,1003551.79759301,1841264.1054
5266,2023-03-21 12:20:00,0.3,쓰레기소각,전남 광양 진상 황죽 산180,전라남도 광양시 진상면 황죽리,ri,1015755.45397429,1672644.16740164
5267,2023-03-21 12:12:00,10.0,농산부산물소각,경북 안동 도산 의일 산122,경상북도 안동시 도산면 의일리,ri,1116662.805953,1860767.03867686
5268,2023-03-21 11:27:00,0.1,입산자실화,전남 영광 염산 야월 산90-1,전라남도 영광군 염산면 야월리,ri,892652.149404468,1692531.56925041
5277,2023-03-14 16:10:00,0.01,기타,경기 양주 백석 방성 산4-14,경기도 양주시 백석읍 방성리,ri,956403.550410917,1978285.25909535
5284,2022-02-16 14:00:00,0.3,쓰레기소각,경북 고령 성산 삼대 114,경상북도 고령군 성산면 삼대리,ri,1079902.98178218,1749955.64970245
5291,2022-02-14 21:57:00,0.1,농산부산물소각,경북 군위 군위 광현 산160,대구광역시 군위군 군위읍 광현리,ri,1101098.65799557,1806037.01453417
5295,2022-02-13 14:43:00,0.5,입산자실화,전북 남원 대강 옥택 산84,전북특별자치도 남원시 대강면 옥택리,ri,977608.818348055,1710225.86409774
5296,2022-02-13 13:18:00,0.03,건축물화재비화,경기 용인 처인 이동 덕성 144-2,경기도 용인시 처인구 이동읍 덕성리,ri,974145.260574638,1908419.87388037
5297,2022-02-13 13:18:00,0.03,기타,경기 양평 양서 국수 353-2,경기도 양평군 양서면 국수리,ri,991275.756309908,1946775.18864105
5310,2022-02-12 11:45:00,0.05,기타,경기 연천 중 합수 산26-14,경기도 연천군 중면 합수리,ri,960606.570215835,2016664.95035365
5313,2022-02-11 17:10:00,0.12,입산자실화,"충남 공주 우성 안양 산44-1,산47-1,산47-7",충청남도 공주시 우성면 안양리,ri,955891.991510306,1829707.12503278
5316,2022-02-11 14:55:00,0.5,농산부산물소각,경북 울진 북 나곡 산94,경상북도 울진군 북면 나곡리,ri,1164932.46217368,1904692.7682175
5317,2022-02-11 14:05:00,0.06,입산자실화,충남 청양 남양 용마 산21-1,충청남도 청양군 남양면 용마리,ri,932566.410584449,1821395.05699419
5327,2022-02-08 13:49:00,0.5,기타,경기 남양주 조안 조안 산27번지외6필지,경기도 남양주시 조안면 조안리,ri,982294.537565636,1948885.61607301
5330,2022-02-06 19:58:00,0.15,기타,경기 광주 남한산성 하변천 산14-7,경기도 광주시 남한산성면 하변천동,dong,975919.876503807,1939900.44425
5331,2022-02-06 13:13:00,0.5,건축물화재비화,경남 통영 산양 미남 산219-1,경상남도 통영시 산양읍 미남리,ri,1083630.80215673,1642240.01857571
5339,2025-06-01 08:52:00,0.2,농산부산물소각,경북 울릉 서 남서 629-1,경상북도 울릉군 서면 남서리,ri,1293716.9021001,1948314.57639059
5340,2025-04-27 17:15:00,0.02,기타,경기 연천 신서 답곡 산244,경기도 연천군 신서면 답곡리,ri,961853.626896729,2020656.06058865
5343,2025-04-27 15:43:00,0.05,농산부산물소각,전남 무안 현경 용정 산145-1,전라남도 무안군 현경면 용정리,ri,897964.25249691,1674916.73615484
5356,2025-04-03 15:40:00,0.3,기타,전남 화순 백아 길성 산233,전라남도 화순군 백아면 길성리,ri,965367.506959461,1684253.28249196
5363,2025-04-28 14:01:00,310.0,기타,대구 북 노곡 산12,대구광역시 북구 노곡동,dong,1095656.90938058,1768768.1800632
5364,2025-04-06 17:42:00,0.02,기타,강원 영월 남 창원 산120,강원특별자치도 영월군 남면 창원리,ri,1076914.97088974,1908021.32569039
5365,2025-04-06 15:12:00,0.12,기타,대구 북 서변 산21-1,대구광역시 북구 서변동,dong,1098554.83380174,1770399.77486177
5366,2025-04-06 14:22:00,0.35,농산부산물소각,전남 순천 상사 용계 80,전라남도 순천시 상사면 용계리,ri,993043.217645231,1662111.05281441
5368,2025-04-06 12:35:00,1.5,입산자실화,충북 청주상당 문의 품곡 산72-1,충청북도 청주시 상당구 문의면 품곡리,ri,997234.617668539,1833792.01132002
5377,2025-06-13 14:27:00,0.03,기타,"경기 양평 양서 북포 340-7,8",경기도 양평군 양서면 북포동,dong,989004.832780224,1949063.0733
5384,2025-04-26 08:50:00,0.05,기타,충남 금산 금성 화림 Apr-74,충청남도 금산군 금성면 화림리,ri,994365.961764615,1791430.05333762
5390,2025-04-01 14:28:00,9.77,기타,경남 거창 북상 갈계 산22,경상남도 거창군 북상면 갈계리,ri,1028779.91395899,1754974.87660374
5393,2025-04-16 14:53:00,0.01,입산자실화,경남 하동 금성 가덕 산120-22,경상남도 하동군 금성면 가덕리,ri,1028950.64665672,1662808.49435469
5415,2025-04-12 06:26:00,0.01,입산자실화,부산 북 화명 산323-2,부산광역시 북구 화명동,dong,1138614.57473017,1694753.50798915
5426,2025-04-04 15:52:00,0.33,기타,충북 영동 양산 누교 산102,충청북도 영동군 양산면 누교리,ri,1011288.88310334,1796685.10062367
5434,2025-04-04 14:49:00,3.0,담뱃불실화,경기 연천 청산 장탄 산22-14,경기도 연천군 청산면 장탄리,ri,963924.027342671,2004023.6323321
5439,2025-03-25 14:14:00,6.3,기타,전북 고창 성내 덕산 산8-1,전북특별자치도 고창군 성내면 덕산리,ri,930715.622306133,1730089.04892442
5442,2025-03-25 12:32:00,0.65,쓰레기소각,"경남 창녕 대지 용소 산20,구미 산74,산75",경상남도 창녕군 대지면 용소리,ri,1086340.65686132,1725579.37798653
5445,2025-03-21 16:20:00,0.1,기타,전남 광양 진상 황죽 산45-1,전라남도 광양시 진상면 황죽리,ri,1015755.45397429,1672644.16740164
5461,2024-04-02 15:23:00,1.5,기타,"강원 홍천 서 중방대 산98,산95",강원특별자치도 홍천군 서면 중방대리,ri,1009923.26493128,1961876.22077108
5464,2024-04-02 12:05:00,0.36,농산부산물소각,충북 청주 상당 문의 후곡 산10-34,충청북도 청주시 상당구 문의면 후곡리,ri,1000351.18541864,1826682.30514677
5470,2024-05-02 11:42:00,0.5,기타,경북 문경 마성 오천 산30,경상북도 문경시 마성면 오천리,ri,1057014.32577595,1853673.17964557
5473,2024-04-28 13:21:00,0.05,입산자실화,충남 당진 정미 천의 493-5,충청남도 당진시 정미면 천의리,ri,917447.664367651,1876426.07918334
5474,2024-04-28 12:40:00,0.01,담뱃불실화,충남 태안 남 양잠 산62-3,충청남도 태안군 남면 양잠리,ri,895447.410142042,1850861.46877357
5478,2024-05-04 11:49:00,0.06,농산부산물소각,"인천 강화 양도 삼흥 신362-2,364",인천광역시 강화군 양도면 삼흥리,ri,905348.63052345,1965321.05405481
5482,2024-05-18 15:38:00,0.01,입산자실화,대구 남 대명 산278-2,대구광역시 남구 대명동,dong,1096805.08894892,1760475.26494958
5483,2024-05-03 11:14:00,0.02,입산자실화,경북 봉화 재산 갈산 산441,경상북도 봉화군 재산면 갈산리,ri,1136632.57631382,1873303.74858884
5489,2025-03-22 15:19:00,0.01,기타,광주 북 금곡 산166-2,광주광역시 북구 금곡동,dong,954044.448594331,1683950.22325659
5491,2025-03-22 14:54:00,0.5,기타,강원 정선 신동 덕천 산129,강원특별자치도 정선군 신동읍 덕천리,ri,1095671.94468481,1917728.47065645
5504,2025-03-22 13:57:00,57.0,담뱃불실화,경북 의성 금성 청로 산118,경상북도 의성군 금성면 청로리,ri,1106715.73187074,1805062.64995601
5511,2025-03-22 12:42:00,0.5,기타,전남 보성 노동 거석 406-2,전라남도 보성군 노동면 거석리,ri,958380.096822264,1648142.02948537
5515,2025-03-22 10:08:00,0.15,기타,대구 북 국우 산118-1,대구광역시 북구 국우동,dong,1097129.24720083,1774236.1926
5517,2025-03-31 15:26:00,0.2,기타,충남 당진 고대 당진포 산138-1,충청남도 당진시 고대면 당진포리,ri,915223.950082936,1884934.7092372
5518,2025-03-31 15:08:00,0.01,입산자실화,대구 남 봉덕 산152-1,대구광역시 남구 봉덕동,dong,1099218.8369097,1759703.16955386
5520,2025-03-31 13:30:00,0.1,기타,전남 해남 계곡 법곡 산183,전라남도 해남군 계곡면 법곡리,ri,924650.36497913,1628704.39184474
5526,2025-03-23 12:25:00,6.24,기타,경남 함양 유림 유평 산105,경상남도 함양군 유림면 유평리,ri,1024513.85695109,1718894.18601277
5532,2025-03-23 10:42:00,0.1,담뱃불실화,인천 서 경서 산200-1,인천광역시 서구 경서동,dong,925277.582530105,1951093.74460565
5542,2025-04-04 13:08:00,0.01,기타,경기 양주 백석 복지 산61-8,경기도 양주시 백석읍 복지리,ri,954816.961649941,1974534.45104142
5544,2025-06-11 21:23:00,1.0,기타,경북 포항북 홍해 홍안 산5,경상북도 포항시 북구,sgg,1152503.80258468,1798939.5183
5550,2025-03-24 15:34:00,0.16,건축물화재비화,대구 달성 화원 본리 702,대구광역시 달성군 화원읍 본리리,ri,1093141.59331646,1754279.25352464
5558,2025-03-26 14:27:00,0.33,기타,경기 파주 조리 장곡 산9,경기도 파주시 조리읍 장곡리,ri,942338.564101784,1972243.04373797
5562,2025-03-26 10:21:00,0.01,입산자실화,전북 완주 운주 산북 산99-23,전북특별자치도 완주군 운주면 산북리,ri,984372.367874267,1789280.3033893
5565,2025-03-26 03:02:00,0.3,기타,광주 남 진월 산82-12,광주광역시 남구 진월동,dong,945535.049352372,1680208.8907
5566,2025-06-10 19:36:00,0.01,쓰레기소각,강원 양구 동 덕곡 산15,강원특별자치도 양구군 동면 덕곡리,ri,1045689.18514601,2022454.54820839
5567,2025-06-10 12:50:00,0.16,기타,충남 금산 부리 불이 산47-1,충청남도 금산군 부리면 불이리,ri,1003834.77701612,1784094.84811693
5571,2025-06-07 15:09:00,0.1,쓰레기소각,전남 나주 봉황 용곡 산11,전라남도 나주시 봉황면 용곡리,ri,935283.789505395,1659507.8493281
5640,2025-03-29 18:37:00,0.03,입산자실화,인천 서 석남 산8,인천광역시 서구 석남동,dong,926185.890749194,1945553.39436673
5641,2025-03-29 13:33:00,0.3,쓰레기소각,경남 고성 개천 용안 산198-1,경상남도 고성군 개천면 용안리,ri,1071186.4968477,1678422.92149297
5644,2025-03-20 14:48:00,0.01,농산부산물소각,경남 진해 진례 시례 산12,,,,
5648,2025-03-16 19:20:00,0.2,기타,충남 공주 우성 내산 산17-1,충청남도 공주시 우성면 내산리,ri,962629.984706318,1834692.02391841
5652,2025-03-14 14:57:00,0.39,쓰레기소각,충남 태안 안면 창기 산10-35,충청남도 태안군 안면읍 창기리,ri,897018.993220963,1843553.77958946
5656,2025-03-14 13:58:00,0.15,농산부산물소각,전남 함평 학교 죽정 산13-1,전라남도 함평군 학교면 죽정리,ri,914122.237191091,1670636.58936916
5657,2025-03-14 12:55:00,1.3,건축물화재비화,경기 파주 법원 웅담 251-2,경기도 파주시 법원읍 웅담리,ri,946985.150335956,1990233.37428869
5660,2025-03-14 11:35:00,0.16,기타,경기 양주 백석 방성 산102,경기도 양주시 백석읍 방성리,ri,956403.550410917,1978285.25909535
5662,2025-03-13 21:41:00,0.01,기타,광주 남 봉선 산122-1,광주광역시 남구 봉선동,dong,946653.733892982,1681247.36259312
5669,2025-03-12 12:05:00,0.1,농산부산물소각,경남 합천 봉산 노곡 산12,경상남도 합천군 봉산면 노곡리,ri,1044588.81113856,1733684.17638693
5672,2025-03-11 15:45:00,0.3,기타,충남 공주 우성 방흥 산32-9,충청남도 공주시 우성면 방흥리,ri,958564.775495614,1829425.03814724
5678,2025-03-09 15:02:00,1.2,쓰레기소각,강원 춘천 남 가정 산7-1,강원특별자치도 춘천시 남면 가정리,ri,1006846.60400143,1972999.53801439
5688,2025-02-14 14:51:00,0.4,농산부산물소각,경남 창원의창 진해 용원 산220-4,경상남도 창원시 의창구,sgg,1103255.30784883,1701648.3817
5708,2025-05-01 01:00:00,0.1,기타,경북 포항남 오천 문덕 산99-1,경상북도 포항시 남구 오천읍 문덕리,ri,1171409.05315955,1774432.46467354
5710,2025-04-30 16:14:00,0.15,기타,강원 홍천 화천 성산 산97,강원특별자치도 홍천군,sgg,1060295.58465845,1972220.11985
5713,2025-04-30 09:01:00,0.06,입산자실화,전남 순천 서 판교 산251-1,전라남도 순천시 서면 판교리,ri,1000945.07307127,1670421.35335399
5715,2025-04-29 16:00:00,0.1,기타,경북 고령 운수 봉평 산62,경상북도 고령군 운수면 봉평리,ri,1071660.89443405,1753659.76285409
5716,2025-04-25 16:46:00,0.4,기타,강원 홍천 남 남노일 산46-6,강원특별자치도 홍천군 남면 남노일리,ri,1024096.61272012,1964356.9026975
5717,2025-04-25 13:40:00,0.02,담뱃불실화,경북 김천 봉산 상금 산41-1,경상북도 김천시 봉산면 상금리,ri,1048437.11128387,1798068.89681598
5718,2025-04-25 12:07:00,0.23,기타,강원 원주 지정 판대 산124-6,강원특별자치도 원주시 지정면 판대리,ri,1026601.45015051,1932715.38175914
5719,2025-04-19 10:35:00,0.03,입산자실화,충남 천안동안 성남 화성 102-6,,,,
5720,2025-03-27 19:14:00,0.06,기타,경기 파주 조리 장곡 산15,경기도 파주시 조리읍 장곡리,ri,942338.564101784,1972243.04373797
5721,2025-03-27 16:13:00,0.01,기타,대구 군위 소보 평호 산15,대구광역시 군위군 소보면 평호리,ri,1090431.34421957,1801952.86683221
5722,2025-03-19 16:00:00,0.35,담뱃불실화,충남 태안 안면 중장 318-14,충청남도 태안군 안면읍 중장리,ri,899294.048889204,1831437.80736073
5724,2025-03-17 17:29:00,0.01,기타,전남 화순 백아 원 산37-1,전라남도 화순군 백아면 원리,ri,967070.276405183,1688067.7535493
5727,2025-03-17 14:23:00,2.8,기타,충남 태안 이원 내 산118외3필지,충청남도 태안군 이원면 내리,ri,892708.174187868,1883258.31192412
5736,2025-03-10 13:59:00,0.06,담뱃불실화,충남 공주 우성 내산 산17-1,충청남도 공주시 우성면 내산리,ri,962629.984706318,1834692.02391841
5738,2025-03-08 18:09:00,0.17,입산자실화,경기 성남 수성 시흥 산19,경기도 성남시 중원구,sgg,970783.36335279,1937921.0565
5739,2025-03-08 15:50:00,0.1,담뱃불실화,충남 공주 우성 내산 산17-1,충청남도 공주시 우성면 내산리,ri,962629.984706318,1834692.02391841
5741,2025-03-08 14:25:00,0.01,기타,경기 용인처인 아동 송전 산37-1,경기도 용인시 처인구,sgg,976937.712242895,1913728.4615
5745,2025-02-23 14:55:00,1.0,농산부산물소각,경기 연천 중 삼곶 산23,경기도 연천군 중면 삼곶리,ri,957357.697479749,2015400.95557501
5766,2025-02-26 15:26:00,0.06,입산자실화,인천 중 남북 산55-8,인천광역시 중구 남북동,dong,903800.943348572,1939746.69222861
5769,2025-02-26 13:45:00,0.3,기타,강원 양양 서 현내 06월 30일,강원특별자치도 양양군 서면 현내동,dong,1092851.06898278,2000298.6114
5774,2025-02-21 15:07:00,0.2,기타,강원 강릉 구정 제비 산95,강원특별자치도 강릉시 구정면 제비리,ri,1119566.66375936,1969175.31461217
5777,2025-02-21 13:11:00,0.5,쓰레기소각,전남 장흥 정동 북교 660,전라남도 장흥군,sgg,950276.028900001,1628578.2666
5779,2025-02-24 21:00:00,0.3,기타,경기 연천 청산 대전 산215-5,경기도 연천군 청산면 대전리,ri,965356.392902557,1999974.59841482
5794,2025-02-04 12:21:00,0.01,기타,강원 고성 토성 성대 439-2,강원특별자치도 고성군 토성면 성대리,ri,1086252.83115436,2028128.50711225
5795,2025-03-01 14:15:00,0.05,기타,경기 양평 강하 성덕 773-8,경기도 양평군 강하면 성덕리,ri,993521.966033962,1940134.48927518
5796,2025-03-01 13:52:00,0.05,농산부산물소각,경기 양평 강상 송학 산25-2,경기도 양평군 강상면 송학리,ri,996274.579059743,1941505.5100126
5800,2025-02-28 14:26:00,0.03,기타,충남 당진 정미 신시 산49-1,충청남도 당진시 정미면 신시리,ri,918788.94022445,1874403.03186456
5809,2025-02-03 13:36:00,0.02,건축물화재비화,경기 용인처인 이동 묵 산14-1,경기도 용인시 처인구 이동읍 묵리,ri,977453.198186425,1908213.48823104
