fire_id,ignite_h,scan_hour,horizon,loc,damagearea,haz_top_pct,is_wui,pop
424,2021-02-03 15:00:00,14,1,경남 고성 영오,0.05,79.98746490478516,False,5.488102734088898
423,2021-02-04 13:00:00,11,2,경남 통영 도산,0.01,,True,60.72350364923477
422,2021-02-05 14:00:00,11,3,강원 정선 북평,1.5,64.45597839355469,False,1.3592883944511414
179,2021-02-06 16:00:00,14,2,대구 남 nan,0.01,18.503183364868164,False,4429.964968621731
178,2021-02-07 15:00:00,14,1,대구 남 nan,0.01,9.696722030639648,False,4429.964968621731
175,2021-02-08 13:00:00,11,2,경북 안동 nan,0.1,6.938579082489014,False,863.8962530195713
174,2021-02-08 14:00:00,11,3,인천 강화 양도,0.17,,False,49.74176260828972
173,2021-02-09 12:00:00,11,1,전남 영광 군남,0.01,76.30152893066406,False,5.415336102247238
172,2021-02-09 13:00:00,11,2,강원 삼척 신기,1.0,17.72850227355957,False,6.84799188375473
171,2021-02-09 14:00:00,11,3,경북 의성 금성,0.03,30.914060592651367,False,0.0
170,2021-02-09 15:00:00,14,1,경남 하동 양보,0.05,0.7051455974578857,False,31.038400262594223
169,2021-02-09 16:00:00,14,2,경북 영덕 영덕,0.05,38.738651275634766,False,530.324871212244
166,2021-02-10 12:00:00,11,1,전남 광양 nan,3.0,7.393833160400391,False,1894.8712554872036
164,2021-02-11 13:00:00,11,2,경북 경주 천북,0.1,18.860639572143555,False,353.3430625796318
162,2021-02-12 13:00:00,11,2,경북 의성 의성,0.1,3.8618721961975098,False,1348.7601742744446
159,2021-02-12 15:00:00,14,1,전남 신안 안좌,0.01,,False,0.9282021224498749
160,2021-02-12 15:00:00,14,1,경남 합천 야로,0.02,28.183948516845703,False,0.4310862720012665
161,2021-02-12 15:00:00,14,1,경기 용인 기흥,0.02,71.44198608398438,True,1407.6075903177261
158,2021-02-12 16:00:00,14,2,경기 양평 지평,0.06,62.96586227416992,True,32.14311036467552
157,2021-02-12 17:00:00,14,3,경기 파주 nan,0.02,,False,32.43252369761467
154,2021-02-13 14:00:00,11,3,서울 강남 nan,0.09,75.46721649169922,True,1280.439642548561
153,2021-02-13 15:00:00,14,1,전남 고흥 포두,0.1,14.398614883422852,False,1.1546194553375244
151,2021-02-14 14:00:00,11,3,대구 달성 논공,0.01,75.18822479248047,False,30.138763517141342
150,2021-02-15 15:00:00,14,1,경기 용인 처인,0.08,6.297752857208252,False,3116.113898307085
148,2021-02-16 14:00:00,11,3,강원 강릉 옥계,1.0,1.1411644220352173,False,113.60947835445404
146,2021-02-18 14:00:00,11,3,강원 강릉 성산,0.4,6.976034641265869,True,19.034094154834747
142,2021-02-20 15:00:00,14,1,강원 정선 여량,12.0,26.962665557861328,False,0.0
141,2021-02-20 16:00:00,14,2,충남 당진 석문,0.01,,True,28.530214458703995
137,2021-02-21 14:00:00,11,3,경남 하동 악양,10.0,69.14755249023438,True,13.393029242753983
138,2021-02-21 14:00:00,11,3,전남 여수 화양,0.1,32.48231887817383,False,3.965236097574234
135,2021-02-21 15:00:00,14,1,전북 남원 송동,0.1,80.18978118896484,False,8.962290287017822
136,2021-02-21 15:00:00,14,1,경북 안동 임동,250.0,67.3619613647461,False,0.0
133,2021-02-21 16:00:00,14,2,충북 영동 매곡,20.0,1.6959269046783447,False,61.87672084569931
134,2021-02-21 16:00:00,14,2,경북 예천 감천,55.0,39.776554107666016,False,1.9162096679210663
132,2021-02-21 17:00:00,14,3,경남 거창 신원,0.1,10.427576065063477,False,1.847391128540039
129,2021-02-22 14:00:00,11,3,강원 화천 간동,0.1,74.45392608642578,True,15.518883019685745
128,2021-02-22 17:00:00,14,3,대구 동 nan,0.16,41.315040588378906,False,56.5729455947876
126,2021-02-23 14:00:00,11,3,경기 의정부 nan,0.01,59.6772346496582,True,18.379624217748642
127,2021-02-23 14:00:00,11,3,울산 남 nan,0.1,5.548039436340332,False,101.06134542822838
124,2021-02-23 16:00:00,14,2,경기 포천 영중,0.03,86.57716369628906,False,5.6237084567546844
125,2021-02-23 16:00:00,14,2,전남 곡성 옥과,0.01,43.60068130493164,False,3.0020105838775635
119,2021-02-24 14:00:00,11,3,충남 천안 동남,0.03,64.94633483886719,False,1670.1703751087189
120,2021-02-24 14:00:00,11,3,충남 아산 음봉,0.03,54.72037124633789,False,9.95946779847145
121,2021-02-24 14:00:00,11,3,경북 안동 풍산,0.02,22.636764526367188,False,4.619950741529465
117,2021-02-24 15:00:00,14,1,경북 고령 덕곡,0.05,36.64507293701172,True,24.128540188074112
118,2021-02-24 15:00:00,14,1,충남 공주 신풍,0.03,0.563186764717102,True,112.75424697995186
116,2021-02-25 13:00:00,11,2,경기 성남 분당,0.03,22.62880516052246,False,1232.6770148277283
113,2021-02-26 12:00:00,11,1,경기 용인 처인,0.05,1.3337045907974243,False,3116.113898307085
110,2021-02-26 13:00:00,11,2,경기 연천 백학,1.5,,False,12.823146760463715
111,2021-02-26 13:00:00,11,2,강원 홍천 북방,0.1,15.635293006896973,False,4.667485475540161
112,2021-02-26 13:00:00,11,2,인천 강화 화도,0.17,28.4628849029541,False,138.7486463189125
108,2021-02-27 12:00:00,11,1,경기 시흥 nan,0.06,4.706818580627441,False,2631.248045027256
109,2021-02-27 12:00:00,11,1,경기 화성 송산,0.1,13.135492324829102,False,17.69715490937233
106,2021-02-27 14:00:00,11,3,경기 양평 양서,0.1,9.75548267364502,True,43.94865322113037
107,2021-02-27 14:00:00,11,3,충남 서산 운산,0.03,16.16344451904297,False,1.585705727338791
104,2021-02-27 15:00:00,14,1,경기 고양 덕양,0.1,21.647705078125,True,65.08924186229706
105,2021-02-27 15:00:00,14,1,경기 광주 초월,0.16,6.140504360198975,True,28.666245371103287
102,2021-02-28 13:00:00,11,2,울산 울주 온양,0.02,83.91439056396484,False,4.861961394548416
100,2021-03-09 15:00:00,14,1,전북 장수 장수,0.05,32.79726028442383,False,324.3364762067795
99,2021-03-10 12:00:00,11,1,경기 포천 신북,0.5,44.87580108642578,True,14.189172208309174
98,2021-03-10 15:00:00,14,1,경남 통영 도산,0.01,14.773530960083008,True,10.158042699098587
96,2021-03-11 14:00:00,11,3,강원 영월 김삿갓,0.5,43.896942138671875,True,27.867340177297592
95,2021-03-14 17:00:00,14,3,경기 광주 남한산성,0.01,10.640844345092773,True,35.08872726559639
93,2021-03-15 15:00:00,14,1,경기 파주 파평,0.3,,False,17.529498428106308
94,2021-03-15 15:00:00,14,1,경기 화성 남양,0.4,79.67350006103516,True,12.282446265220642
92,2021-03-16 15:00:00,14,1,전북 익산 성당,0.13,82.68133544921875,False,1113.2064553797245
90,2021-03-17 12:00:00,11,1,경기 오산 nan,0.2,49.0311164855957,False,2032.38872975111
88,2021-03-18 14:00:00,11,3,전북 완주 봉동,0.03,44.83035659790039,False,2.7957809269428253
85,2021-03-19 14:00:00,11,3,경북 상주 이안,0.03,33.20356369018555,True,12.75285530090332
84,2021-03-19 15:00:00,14,1,경기 파주 탄현,0.7,,False,53.83834245800972
81,2021-03-22 12:00:00,11,1,경북 문경 호계,0.3,20.014118194580078,False,2.480112701654434
79,2021-03-23 14:00:00,11,3,전북 무주 부남,0.1,41.60624313354492,False,8.540730029344559
80,2021-03-23 14:00:00,11,3,경남 밀양 상동,0.03,4.293972015380859,False,4.899417668581009
76,2021-03-23 15:00:00,14,1,강원 홍천 화촌,20.0,25.369468688964844,False,8.04954531788826
77,2021-03-23 15:00:00,14,1,경북 영주 nan,0.2,38.05154037475586,False,2.5371291637420654
78,2021-03-23 15:00:00,14,1,충북 충주 수안보,4.4,13.105880737304688,False,267.14387434720993
75,2021-03-23 17:00:00,14,3,경기 포천 내촌,0.05,57.794803619384766,True,36.663346976041794
73,2021-03-24 16:00:00,14,2,전북 부안 위도,2.0,,False,5.197931885719299
71,2021-03-25 13:00:00,11,2,경남 창녕 대합,0.1,23.458086013793945,False,11.589674592018127
69,2021-03-26 12:00:00,11,1,경남 거창 고제,1.0,25.965744018554688,False,0.0
68,2021-03-26 13:00:00,11,2,전남 장성 삼계,0.1,70.39636993408203,False,5.123646795749664
67,2021-03-26 16:00:00,14,2,충남 청양 목,0.33,65.00332641601562,False,0.0
240,2021-03-30 14:00:00,11,3,강원 삼척 가곡,0.5,0.002658803714439273,False,8.10011774301529
239,2021-03-31 12:00:00,11,1,경북 군위 효령,0.1,5.607682704925537,True,12.806373536586761
237,2021-03-31 15:00:00,14,1,강원 양구 양구,0.5,0.4083922505378723,True,582.6293315291405
238,2021-03-31 15:00:00,14,1,강원 정선 신동,10.7,31.429452896118164,False,3.6407116055488586
235,2021-04-01 12:00:00,11,1,충남 태안 남,0.01,39.44866943359375,False,0.0
236,2021-04-01 12:00:00,11,1,충남 공주 우성,0.1,35.24164581298828,False,2.4860921502113342
234,2021-04-01 15:00:00,14,1,경기 고양 덕양,0.01,17.589582443237305,False,471.29670092463493
233,2021-04-01 16:00:00,14,2,경기 안성 고삼,0.4,4.81615686416626,True,35.15550035238266
228,2021-04-02 12:00:00,11,1,경남 창녕 대합,0.02,67.44561004638672,False,35.13128951191902
226,2021-04-02 14:00:00,11,3,전북 남원 주천,0.02,11.079235076904297,True,54.988734900951385
227,2021-04-02 14:00:00,11,3,충북 청주 상당,0.01,20.521976470947266,True,515.4374656677246
225,2021-04-02 16:00:00,14,2,경기 양평 청운,0.2,23.856382369995117,False,29.049078702926636
222,2021-04-06 13:00:00,11,2,경기 고양 덕양,0.01,20.945655822753906,True,61.073100209236145
221,2021-04-07 12:00:00,11,1,경북 영천 고경,0.06,56.11662673950195,False,3.6407116055488586
220,2021-04-07 13:00:00,11,2,경남 진주 집현,0.01,14.952699661254883,False,5.846422374248505
219,2021-04-07 15:00:00,14,1,경기 파주 군내,0.01,,False,0.0
216,2021-04-08 13:00:00,11,2,충남 공주 이인,0.02,49.201820373535156,False,7.1058860421180725
215,2021-04-09 12:00:00,11,1,전남 광양 옥룡,0.1,10.80041217803955,False,0.0
214,2021-04-09 13:00:00,11,2,전남 화순 사평,0.15,30.429719924926758,False,0.0
213,2021-04-09 16:00:00,14,2,경기 안성 원곡,0.06,2.407831907272339,False,6.778171062469482
204,2021-04-11 13:00:00,11,2,충남 서산 음암,0.1,85.9031753540039,False,20.221460938453674
205,2021-04-11 13:00:00,11,2,충남 부여 옥산,0.01,68.4000015258789,False,33.371636897325516
200,2021-04-12 12:00:00,11,1,인천 중 nan,0.03,2.284196376800537,True,54.53078496456146
199,2021-04-13 15:00:00,14,1,경북 봉화 재산,0.5,79.93836975097656,False,0.0
198,2021-04-16 15:00:00,14,1,전남 나주 남평,0.2,31.95326042175293,False,0.0
197,2021-04-16 16:00:00,14,2,경북 영양 수비,1.0,16.97770118713379,False,5.132366895675659
194,2021-04-17 12:00:00,11,1,강원 평창 진부,0.01,98.40248107910156,False,0.0
193,2021-04-17 15:00:00,14,1,전남 여수 nan,0.2,1.0827113389968872,False,0.0
191,2021-04-18 13:00:00,11,2,경기 양평 양평,0.02,60.88691711425781,False,2198.218447625637
188,2021-04-19 13:00:00,11,2,경기 양평 옥천,0.33,93.67630004882812,False,0.0
187,2021-04-19 17:00:00,14,3,강원 횡성 공근,1.5,86.66333770751953,False,20.274667382240295
185,2021-04-20 14:00:00,11,3,전북 남원 인월,0.3,15.001579284667969,False,301.9726936221123
184,2021-04-20 15:00:00,14,1,강원 홍천 남,0.3,39.59330749511719,False,2.4860921502113342
61,2021-04-21 12:00:00,11,1,강원 평창 대관령,1.0,38.30575942993164,False,285.78957745432854
60,2021-04-21 14:00:00,11,3,충남 보령 주교,0.03,39.836238861083984,False,8.276098817586899
57,2021-04-22 13:00:00,11,2,경남 함양 서상,0.1,7.568625450134277,False,6.0546378791332245
58,2021-04-22 13:00:00,11,2,강원 철원 동송,0.02,,False,0.0
56,2021-04-22 15:00:00,14,1,충남 청양 청양,0.3,29.213294982910156,True,352.51573383808136
54,2021-04-22 17:00:00,14,3,충남 공주 유구,0.01,27.350276947021484,False,8.311230719089508
55,2021-04-22 17:00:00,14,3,경기 화성 마도,0.06,95.41506958007812,True,25.45949998497963
50,2021-04-23 16:00:00,14,2,경북 예천 효자,2.0,47.20376205444336,False,5.192622184753418
46,2021-04-24 14:00:00,11,3,경북 봉화 명호,0.01,54.825164794921875,False,3.6407116055488586
47,2021-04-24 14:00:00,11,3,경북 청송 현서,0.3,65.99993133544922,False,3.0020105838775635
43,2021-04-25 12:00:00,11,1,강원 평창 봉평,0.09,90.1982192993164,False,0.0
42,2021-04-25 13:00:00,11,2,전북 완주 경천,0.01,23.074934005737305,False,0.6897380352020264
41,2021-04-25 14:00:00,11,3,강원 원주 신림,1.5,63.45032501220703,False,0.0
39,2021-04-25 16:00:00,14,2,충북 충주 앙성,0.03,1.9127273559570312,False,2.4860921502113342
40,2021-04-25 16:00:00,14,2,경기 용인 처인,0.03,14.623160362243652,False,3116.113898307085
38,2021-04-25 17:00:00,14,3,전북 완주 구이,0.01,44.62334442138672,False,8.56546375155449
35,2021-04-26 17:00:00,14,3,경남 함양 서상,0.1,69.07987976074219,False,0.0
33,2021-04-27 12:00:00,11,1,전북 전주 완산,0.1,42.08313751220703,False,2672.5496922433376
32,2021-04-27 13:00:00,11,2,강원 인제 인제,0.17,51.22492980957031,True,189.91675660014153
31,2021-04-27 15:00:00,14,1,광주 남 nan,0.04,9.83050537109375,True,13.796299815177917
30,2021-04-29 13:00:00,11,2,강원 영월 영월,0.01,1.223623275756836,False,710.4486036598682
28,2021-04-29 14:00:00,11,3,전북 무주 무풍,10.0,3.109193801879883,False,97.27998840808868
29,2021-04-29 14:00:00,11,3,전북 완주 비봉,0.05,34.500118255615234,False,2.4860921502113342
25,2021-04-30 12:00:00,11,1,전남 여수 소라,0.3,20.246971130371094,False,2.639742851257324
24,2021-04-30 13:00:00,11,2,대구 달성 가창,0.03,29.639572143554688,False,0.0
23,2021-05-03 13:00:00,11,2,경기 오산 nan,0.01,80.22866821289062,False,50.53606855869293
22,2021-05-03 15:00:00,14,1,경기 의왕 nan,0.01,77.6563949584961,False,704.2795285284519
21,2021-05-06 17:00:00,14,3,강원 인제 서화,0.1,,False,0.0
18,2021-05-08 12:00:00,11,1,강원 횡성 안흥,0.01,94.4884262084961,False,0.0
17,2021-05-08 17:00:00,14,3,대전 유성 nan,0.05,95.63125610351562,False,1158.5986825227737
15,2021-05-09 12:00:00,11,1,전남 구례 산동,0.02,8.635737419128418,False,0.0
16,2021-05-09 12:00:00,11,1,경북 고령 대가야,1.4,1.308097004890442,False,1186.6931321322918
13,2021-05-09 13:00:00,11,2,강원 철원 철원,0.03,86.51736450195312,False,731.7461519539356
14,2021-05-09 13:00:00,11,2,강원 홍천 남,0.2,87.95647430419922,False,13.552952408790588
12,2021-05-09 17:00:00,14,3,강원 철원 철원,0.01,81.9536361694336,False,731.7461519539356
10,2021-05-10 14:00:00,11,3,전북 부안 진서,0.1,14.574894905090332,False,0.0
8,2021-05-13 15:00:00,14,1,강원 태백 nan,1.2,0.4123689830303192,False,7.476409286260605
7,2021-05-13 17:00:00,14,3,전남 함평 대동,0.01,9.722250938415527,False,6.755821913480759
5,2021-05-27 15:00:00,14,1,경북 고령 개진,0.13,5.620530128479004,True,15.407239437103271
4,2021-05-31 15:00:00,14,1,전남 보성 율어,0.05,13.271761894226074,True,13.922116041183472
2,2021-06-07 15:00:00,14,1,강원 강릉 주문진,0.01,1.4311522245407104,False,5.825138568878174
3,2021-06-07 15:00:00,14,1,강원 강릉 주문진,0.01,2.485328197479248,False,0.0
1,2021-06-08 14:00:00,11,3,강원 홍천 내촌,0.04,94.1263198852539,False,0.0
4927,2022-02-01 14:00:00,11,3,경북 구미 nan,0.2,27.394611358642578,True,330.2996426820755
4925,2022-02-03 15:00:00,14,1,경북 문경 영순,0.03,29.674148559570312,False,26.955691307783127
5337,2022-02-04 13:00:00,11,2,경기 화성 송산,0.9,75.48419952392578,False,74.63961550593376
5336,2022-02-04 14:00:00,11,3,강원 정선 화암,0.1,90.0780029296875,False,4.667485475540161
5334,2022-02-05 12:00:00,11,1,경남 의령 부림,1.0,18.58922004699707,False,1.4851233959197998
5333,2022-02-05 13:00:00,11,2,부산 사상 nan,0.07,9.349770545959473,True,1038.754307627678
5332,2022-02-05 16:00:00,14,2,경북 경주 양남,0.1,4.439112663269043,False,0.0
5331,2022-02-06 13:00:00,11,2,경남 통영 산양,0.5,4.875044345855713,False,8.156418889760971
5328,2022-02-07 12:00:00,11,1,경북 안동 풍산,0.1,44.56571578979492,True,32.115991204977036
5327,2022-02-08 13:00:00,11,2,경기 남양주 조안,0.5,65.44759368896484,True,13.365056693553925
5326,2022-02-08 14:00:00,11,3,울산 울주 상북,0.05,18.080053329467773,False,31.411957174539566
5323,2022-02-10 12:00:00,11,1,경기 양평 개군,0.01,77.83856201171875,True,66.6558797955513
5322,2022-02-10 14:00:00,11,3,경기 광주 nan,0.06,85.07000732421875,False,854.5214054882526
5320,2022-02-10 15:00:00,14,1,경기 남양주 와부,0.04,65.52357482910156,False,3.0708291232585907
5321,2022-02-10 15:00:00,14,1,대구 동 nan,1.5,5.43794059753418,False,56.5729455947876
5318,2022-02-11 13:00:00,11,2,부산 기장 철마,0.04,0.9620828032493591,False,8.514895379543304
5315,2022-02-11 14:00:00,11,3,경남 밀양 초동,0.06,51.97929763793945,True,23.722932517528534
5316,2022-02-11 14:00:00,11,3,경북 울진 북,0.5,49.07185745239258,False,1.1546194553375244
5317,2022-02-11 14:00:00,11,3,충남 청양 남양,0.06,76.16282653808594,True,18.397847563028336
5314,2022-02-11 16:00:00,14,2,강원 양양 양양,0.1,39.60073471069336,False,1388.0349988937378
5313,2022-02-11 17:00:00,14,3,충남 공주 우성,0.12,80.9045639038086,False,1.585705727338791
5309,2022-02-12 13:00:00,11,2,충북 영동 상촌,0.5,63.989505767822266,False,130.83016458153725
5307,2022-02-12 14:00:00,11,3,부산 금정 nan,0.01,13.753007888793945,False,3591.8561650514603
5308,2022-02-12 14:00:00,11,3,전남 고흥 포두,0.1,16.217775344848633,True,16.100115716457367
5304,2022-02-12 15:00:00,14,1,강원 평창 대관령,0.1,63.712093353271484,True,13.486409932374954
5305,2022-02-12 15:00:00,14,1,경남 김해 nan,0.05,15.987852096557617,False,2882.6276471614838
5306,2022-02-12 15:00:00,14,1,세종 연동 nan,0.03,56.50774002075195,True,69.08132722973824
5303,2022-02-12 16:00:00,14,2,전남 순천 승주,0.4,46.46462631225586,True,14.261181235313416
5302,2022-02-12 17:00:00,14,3,전남 순천 승주,0.2,3.815063238143921,False,0.0
5298,2022-02-13 12:00:00,11,1,부산 기장 철마,0.02,26.36578941345215,False,107.69549223780632
5296,2022-02-13 13:00:00,11,2,경기 용인 처인 이동,0.03,22.586408615112305,True,94.7737954556942
5297,2022-02-13 13:00:00,11,2,경기 양평 양서,0.03,73.55479431152344,True,211.28422909975052
5295,2022-02-13 14:00:00,11,3,전북 남원 대강,0.5,13.2164306640625,False,0.0
5294,2022-02-14 13:00:00,11,2,충남 금산 제원,0.3,85.70840454101562,False,19.239363849163055
5293,2022-02-14 15:00:00,14,1,강원 원주 nan,0.4,66.95060729980469,True,1256.0637384355068
5292,2022-02-14 16:00:00,14,2,경남 산청 시천,0.5,34.14133071899414,False,0.0
5289,2022-02-15 12:00:00,11,1,경남 창원 마산회원 nan,0.32,34.58212661743164,False,2.4860921502113342
5287,2022-02-15 13:00:00,11,2,경남 진주 명석,0.5,52.089298248291016,False,7.618459045886993
5288,2022-02-15 13:00:00,11,2,경북 성주 선남,3.0,13.777690887451172,True,12.112886548042297
5286,2022-02-15 17:00:00,14,3,전북 남원 산내,0.1,55.30419921875,False,3.0020105838775635
5285,2022-02-16 13:00:00,11,2,경기 성남 중원,0.15,95.04175567626953,False,6659.563876479864
5284,2022-02-16 14:00:00,11,3,경북 고령 성산,0.3,49.81072235107422,True,32.457949966192245
5282,2022-02-16 15:00:00,14,1,부산 기장 철마,0.2,28.3234920501709,False,8.175160437822342
5283,2022-02-16 15:00:00,14,1,경기 광주 곤지암,0.06,72.26889038085938,True,293.4395489692688
5281,2022-02-16 16:00:00,14,2,경기 의정부 nan,0.01,,False,262.7417636811733
5279,2022-02-18 15:00:00,14,1,경남 양산 nan,0.09,43.49370193481445,False,0.0
5278,2022-02-18 16:00:00,14,2,충남 부여 세도,0.05,21.976930618286133,False,7.605947703123093
4496,2022-02-19 12:00:00,11,1,경기 양평 양평,0.1,55.18424987792969,True,70.31782704591751
4497,2022-02-19 12:00:00,11,1,전북 진안 백운,0.1,82.6739273071289,True,13.518845468759537
4491,2022-02-20 12:00:00,11,1,경기 고양 일산동,0.01,,False,4255.086569339037
4490,2022-02-20 13:00:00,11,2,충북 괴산 괴산,0.2,58.81005096435547,False,347.31047210097313
4486,2022-02-21 12:00:00,11,1,전남 함평 나산,0.3,74.3022232055664,False,9.175679326057434
4484,2022-02-21 15:00:00,14,1,충남 부여 남,0.01,56.32051086425781,False,64.88334167003632
4485,2022-02-21 15:00:00,14,1,강원 원주 판부,0.1,61.38440704345703,True,101.42928504943848
4483,2022-02-21 16:00:00,14,2,충북 청주 흥덕 nan,0.02,55.760189056396484,True,2092.7956599593163
4480,2022-02-22 13:00:00,11,2,경기 화성 서신,0.03,28.20535659790039,True,27.34235629439354
4481,2022-02-22 13:00:00,11,2,경기 여주 가남,0.1,79.7293472290039,False,61.87845426797867
4478,2022-02-22 14:00:00,11,3,경북 의성 의성,15.0,2.533428192138672,False,1348.7601742744446
4479,2022-02-22 14:00:00,11,3,강원 동해 nan,6.1,1.8896374702453613,False,1073.8337325751781
4473,2022-02-23 12:00:00,11,1,경기 여주 가남,3.0,79.11274719238281,False,24.310394048690796
4472,2022-02-23 13:00:00,11,2,강원 평창 진부,0.04,94.02494049072266,False,0.0
4471,2022-02-23 16:00:00,14,2,경남 사천 사천,0.3,15.241899490356445,True,20.287507265806198
4466,2022-02-24 13:00:00,11,2,강원 홍천 두촌,0.6,71.84687805175781,False,20.64795285463333
4467,2022-02-24 13:00:00,11,2,충남 공주 우성,0.15,75.74058532714844,True,20.592653930187225
4468,2022-02-24 13:00:00,11,2,경기 의정부 nan,0.5,39.441402435302734,True,29.766871064901352
4464,2022-02-24 14:00:00,11,3,서울 노원 nan,1.0,31.533897399902344,True,2185.8739519417286
4465,2022-02-24 14:00:00,11,3,충남 공주 nan,0.2,52.81856918334961,False,913.5895502865314
4462,2022-02-24 15:00:00,14,1,강원 평창 방림,5.0,74.31352996826172,False,4.122834891080856
4463,2022-02-24 15:00:00,14,1,경북 상주 모서,0.3,10.198872566223145,False,0.0
4459,2022-02-24 16:00:00,14,2,강원 강릉 사천,0.09,4.195005893707275,True,44.56300529837608
4460,2022-02-24 16:00:00,14,2,경기 광주 초월,0.09,74.52705383300781,True,562.2219491302967
4461,2022-02-24 16:00:00,14,2,광주 광산 nan,0.08,55.95539855957031,False,862.4747361540794
4458,2022-02-24 17:00:00,14,3,강원 화천 하남,1.4,81.26383209228516,False,0.0
4455,2022-02-25 12:00:00,11,1,전남 구례 간전,29.0,34.41654968261719,False,5.825138568878174
4452,2022-02-25 14:00:00,11,3,경남 함양 함양,1.5,10.569637298583984,False,1956.490196019411
4453,2022-02-25 14:00:00,11,3,전남 순천 상사,2.0,32.083984375,True,20.027764230966568
4454,2022-02-25 14:00:00,11,3,전남 고흥 두원,0.5,19.9628963470459,False,1.4851233959197998
4451,2022-02-25 16:00:00,14,2,울산 북 nan,0.2,9.776948928833008,False,0.0
4443,2022-02-26 13:00:00,11,2,전남 완도 완도,0.2,75.360595703125,False,1032.9962031245232
4444,2022-02-26 13:00:00,11,2,경북 상주 nan,0.3,7.995946407318115,False,0.0
4441,2022-02-26 15:00:00,14,1,경북 문경 문경,24.0,0.9346120953559875,False,2768.9457047581673
4442,2022-02-26 15:00:00,14,1,부산 북 nan,0.05,18.91534423828125,False,3675.226194024086
4324,2022-02-26 16:00:00,14,2,경북 봉화 봉화,0.2,10.770752906799316,False,188.3013159930706
4440,2022-02-26 16:00:00,14,2,강원 인제 기린,5.0,87.59683227539062,False,181.51496759057045
4319,2022-02-27 13:00:00,11,2,충남 당진 석문,0.2,84.51170349121094,False,20.215393632650375
4320,2022-02-27 13:00:00,11,2,경기 파주 탄현,0.02,,False,53.68494915962219
4321,2022-02-27 13:00:00,11,2,울산 동 nan,2.0,4.271206855773926,False,2825.7904372513294
4317,2022-02-27 14:00:00,11,3,충남 태안 이원,1.5,64.09068298339844,False,8.23543044924736
4318,2022-02-27 14:00:00,11,3,충남 홍성 결성,0.14,89.4703598022461,True,89.77158069610596
4316,2022-02-27 15:00:00,14,1,경북 김천 부항,0.2,58.75153732299805,False,4.4023018181324005
4315,2022-02-27 16:00:00,14,2,충남 아산 음봉,0.05,61.074493408203125,False,6.746808797121048
4314,2022-02-27 17:00:00,14,3,경북 영천 화남,0.2,51.88817596435547,False,0.4310862720012665
4311,2022-02-28 13:00:00,11,2,경기 용인 처인 남사,0.03,71.88233947753906,True,23.62123131752014
4310,2022-02-28 14:00:00,11,3,경남 합천 율곡,813.89,17.255783081054688,False,1.1546194553375244
4309,2022-02-28 16:00:00,14,2,전남 곡성 겸,0.1,4.478719234466553,False,3.830387979745865
4308,2022-02-28 17:00:00,14,3,충북 단양 대강,0.01,78.95281219482422,False,4.667485475540161
4305,2022-03-01 17:00:00,14,3,충남 홍성 서부,0.05,59.05393600463867,True,12.515688508749008
4304,2022-03-02 14:00:00,11,3,부산 금정 nan,0.7,0.9977797269821167,False,0.0
4303,2022-03-03 12:00:00,11,1,경남 창원 의창 nan,0.3,28.577302932739258,False,3539.1895504891872
4301,2022-03-03 13:00:00,11,2,경기 양주 광적,0.01,,False,55.44750812649727
4302,2022-03-03 13:00:00,11,2,경북 문경 산북,0.4,39.737545013427734,True,11.75394144654274
4300,2022-03-03 14:00:00,11,3,경기 고양 덕양,0.01,85.47521209716797,False,219.25276324152946
4299,2022-03-03 15:00:00,14,1,경기 안성 일죽,0.1,50.56044387817383,True,13.133933663368225
4298,2022-03-03 16:00:00,14,2,경북 영천 청통,0.2,11.437104225158691,True,28.45310616493225
4293,2022-03-04 12:00:00,11,1,강원 영월 김삿갓,184.01,7.519098281860352,False,0.0
4292,2022-03-04 15:00:00,14,1,경북 구미 옥성,0.01,23.867956161499023,False,43.4743946492672
4291,2022-03-04 16:00:00,14,2,충남 아산 염치,0.4,47.8082160949707,True,15.595017850399017
4290,2022-03-04 17:00:00,14,3,서울 강남 강남,1.5,52.14501190185547,False,2345.643424808979
4282,2022-03-05 13:00:00,11,2,경북 영주 풍기,0.3,30.311134338378906,True,75.708943516016
4283,2022-03-05 13:00:00,11,2,경기 안산 상록,8.0,86.7901382446289,False,4551.443318217993
4280,2022-03-05 14:00:00,11,3,경북 경주 문무대왕,0.8,12.183589935302734,False,0.0
4281,2022-03-05 14:00:00,11,3,경남 거창 거창,0.1,9.725421905517578,False,1592.7080093324184
4278,2022-03-05 15:00:00,14,1,충남 당진 송산,5.0,63.98558044433594,True,20.358803004026413
4279,2022-03-05 15:00:00,14,1,충남 청양 남양,0.02,31.719287872314453,False,8.945981651544571
4277,2022-03-05 16:00:00,14,2,경남 밀양 무안,0.01,1.127609372138977,False,4.138428211212158
4274,2022-03-06 12:00:00,11,1,부산 강서 nan,1.0,34.819698333740234,False,346.95450097322464
4273,2022-03-06 13:00:00,11,2,충남 부여 부여,0.06,8.649368286132812,False,975.4407688677311
4272,2022-03-06 14:00:00,11,3,경남 산청 단성,0.5,29.694995880126953,True,17.76751536130905
4271,2022-03-06 15:00:00,14,1,울산 울주 언양,13.0,10.46029281616211,False,798.4074947237968
4270,2022-03-06 16:00:00,14,2,경남 남해 이동,0.1,10.898820877075195,True,21.337353616952896
4269,2022-03-06 17:00:00,14,3,경남 사천 사천,0.01,6.946950912475586,True,20.287507265806198
4267,2022-03-07 14:00:00,11,3,경기 고양 덕양,0.01,,False,5344.0973495543
4268,2022-03-07 14:00:00,11,3,대구 수성 nan,0.01,26.88981056213379,False,3981.8944860696793
4266,2022-03-07 15:00:00,14,1,충남 당진 대호지,0.03,93.13735961914062,False,25.723859697580338
4264,2022-03-08 13:00:00,11,2,제주 서귀포 nan,0.05,,False,1434.3888325989246
4263,2022-03-08 14:00:00,11,3,강원 홍천 북방,1.1,73.59646606445312,False,0.4310862720012665
4260,2022-03-09 13:00:00,11,2,전북 남원 덕과,0.1,39.118934631347656,False,3.0020105838775635
4256,2022-03-09 14:00:00,11,3,전북 임실 강진,0.3,38.557830810546875,False,0.9282021224498749
4257,2022-03-09 14:00:00,11,3,전북 장수 산서,0.2,71.96766662597656,False,7.8741649985313416
4258,2022-03-09 14:00:00,11,3,경남 창녕 고암,0.1,11.033801078796387,False,32.29284444451332
4259,2022-03-09 14:00:00,11,3,경기 가평 가평,1.3,13.629213333129883,False,1480.8058604002
4255,2022-03-09 17:00:00,14,3,경기 광주 초월,0.06,72.61273956298828,True,27.434517472982407
4252,2022-03-10 12:00:00,11,1,충남 보령 주산,0.41,80.82328796386719,True,21.823693215847015
4251,2022-03-10 13:00:00,11,2,충남 서산 지곡,0.16,94.238525390625,True,14.765504777431488
4250,2022-03-10 14:00:00,11,3,충남 공주 우성,0.1,6.873952865600586,True,24.712907016277313
4248,2022-03-10 15:00:00,14,1,경기 여주 북내,0.66,44.5410270690918,False,125.23401862382889
4249,2022-03-10 15:00:00,14,1,경기 용인 처인 남사,0.2,19.797060012817383,False,7.58669325709343
4246,2022-03-11 14:00:00,11,3,전북 남원 수지,0.04,70.4648208618164,True,21.74727338552475
4245,2022-03-11 15:00:00,14,1,경기 화성 매송,0.3,16.073881149291992,False,1.9162096679210663
4244,2022-03-11 16:00:00,14,2,전북 남원 주생,0.01,46.62834548950195,False,24.8848896920681
4240,2022-03-12 12:00:00,11,1,전남 함평 나산,3.0,90.6866683959961,False,29.031757056713104
4239,2022-03-12 14:00:00,11,3,강원 홍천 서석,6.0,82.45968627929688,False,1.4851233959197998
4235,2022-03-16 17:00:00,14,3,경북 김천 농소,0.3,6.373767852783203,True,13.283415019512177
4234,2022-03-22 15:00:00,14,1,충남 부여 임천,0.09,62.17150115966797,False,3.971215546131134
4233,2022-03-23 16:00:00,14,2,부산 기장 기장,0.33,9.85597038269043,False,1331.8569580316544
4232,2022-03-24 12:00:00,11,1,경남 의령 화정,0.3,14.167740821838379,False,0.0
4228,2022-03-28 12:00:00,11,1,경기 가평 청평,0.04,59.319847106933594,False,17.828121930360794
4226,2022-03-29 14:00:00,11,3,경남 사천 서포,0.05,96.3860092163086,False,11.492256045341492
4222,2022-04-01 12:00:00,11,1,경기 군포 nan,0.89,7.863764762878418,False,882.4093671739101
4221,2022-04-01 13:00:00,11,2,경남 사천 정동,0.01,6.730432033538818,True,147.3242119550705
4218,2022-04-02 13:00:00,11,2,경기 남양주 nan,0.09,12.199644088745117,False,82.83276924490929
4216,2022-04-02 14:00:00,11,3,충남 공주 계룡,0.01,14.688908576965332,False,8.877165108919144
4217,2022-04-02 14:00:00,11,3,경기 여주 세종대왕,0.15,46.41044616699219,False,45.92523950338364
4214,2022-04-02 15:00:00,14,1,경기 양평 양서,0.03,1.4212138652801514,True,211.28422909975052
4215,2022-04-02 15:00:00,14,1,전북 무주 설천,5.0,34.840877532958984,False,1.4851233959197998
4213,2022-04-03 12:00:00,11,1,전북 남원 nan,0.09,52.84898376464844,False,36.8996724486351
4211,2022-04-03 14:00:00,11,3,서울 성북 nan,0.01,14.40530776977539,True,4727.34795960784
4212,2022-04-03 14:00:00,11,3,울산 울주 범서,0.1,30.48198699951172,True,51.15390607714653
4209,2022-04-03 15:00:00,14,1,충북 보은 마로,0.1,45.829864501953125,False,2.9171784222126007
4210,2022-04-03 15:00:00,14,1,경북 구미 nan,0.1,3.4254143238067627,False,2490.398353636265
4206,2022-04-04 12:00:00,11,1,경기 양평 양동,0.01,17.883161544799805,True,28.08249506354332
4924,2022-04-04 12:00:00,11,1,강원 강릉 왕산,0.3,71.1832275390625,False,2.0828215777873993
4922,2022-04-04 13:00:00,11,2,경기 포천 군내,0.1,64.02645874023438,False,54.6178523004055
4923,2022-04-04 13:00:00,11,2,세종 nan nan,0.3,0.1340414434671402,False,384.7236293256283
4919,2022-04-04 14:00:00,11,3,경북 김천 지례,0.06,7.022594451904297,True,36.629032880067825
4920,2022-04-04 14:00:00,11,3,경기 포천 신북,0.23,,False,41.279426008462906
4921,2022-04-04 14:00:00,11,3,경기 용인 처인 nan,0.1,56.550506591796875,True,20.934200435876846
4918,2022-04-04 15:00:00,14,1,충남 서산 고북,0.01,9.884017944335938,True,11.403588354587555
4917,2022-04-04 17:00:00,14,3,경기 파주 적성,0.1,,False,38.80602824687958
4912,2022-04-05 13:00:00,11,2,경기 군포 nan,0.12,20.567201614379883,False,0.9282021224498749
4913,2022-04-05 13:00:00,11,2,경북 봉화 봉화,120.0,10.992735862731934,False,188.3013159930706
4914,2022-04-05 13:00:00,11,2,경북 김천 감천,0.03,79.0793685913086,True,10.450489610433578
4911,2022-04-05 14:00:00,11,3,경기 시흥 nan,0.8,91.12088775634766,False,1862.3851285874844
4909,2022-04-05 15:00:00,14,1,인천 남동 nan,0.05,62.28726577758789,True,1865.1620706021786
4910,2022-04-05 15:00:00,14,1,경기 용인 기흥,0.03,61.26335906982422,True,1111.38835054636
4908,2022-04-06 13:00:00,11,2,경북 청송 진보,0.1,47.231014251708984,False,0.0
4906,2022-04-06 14:00:00,11,3,인천 강화 화도,0.09,,False,28.124167650938034
4907,2022-04-06 14:00:00,11,3,경남 함양 휴천,0.01,59.0986328125,True,33.19364321231842
4905,2022-04-06 15:00:00,14,1,경기 여주 세종대왕,0.02,69.46985626220703,False,12.343253999948502
4902,2022-04-07 13:00:00,11,2,경기 성남 중원,0.01,14.78923511505127,True,4507.7057357132435
4901,2022-04-07 14:00:00,11,3,전북 진안 성수,0.4,92.02716827392578,False,4.43087512254715
4900,2022-04-07 15:00:00,14,1,경기 용인 기흥,0.03,24.03080177307129,True,480.81563007831573
4899,2022-04-07 17:00:00,14,3,경기 의정부 nan,0.01,10.040776252746582,False,0.0
4892,2022-04-08 17:00:00,14,3,전북 nan 성송,0.09,60.64653396606445,False,3.2066795229911804
4893,2022-04-08 17:00:00,14,3,전북 남원 산내,0.09,11.194000244140625,False,0.0
4883,2022-04-09 12:00:00,11,1,경기 고양 덕양,0.01,,False,173.77635607123375
4884,2022-04-09 12:00:00,11,1,경기 남양주 와부,1.5,66.72976684570312,False,9.103582441806793
4885,2022-04-09 12:00:00,11,1,경기 연천 전곡,1.6,,False,3.9777474403381348
4878,2022-04-09 13:00:00,11,2,경기 남양주 진접,1.0,26.478160858154297,False,8.949931740760803
4879,2022-04-09 13:00:00,11,2,경기 남양주 진접,8.0,48.41535186767578,True,282.2027923464775
4880,2022-04-09 13:00:00,11,2,경북 영덕 영해,0.2,0.9537560939788818,False,1.4851233959197998
4881,2022-04-09 13:00:00,11,2,충남 청양 목,4.0,33.41675567626953,False,16.95915001630783
4882,2022-04-09 13:00:00,11,2,경남 하동 횡천,0.3,64.97252655029297,True,13.283415019512177
4876,2022-04-09 15:00:00,14,1,충남 계룡 두마,0.5,44.29096603393555,False,8.401577770709991
4877,2022-04-09 15:00:00,14,1,충남 서천 마산,0.1,19.60133171081543,False,6.753340691328049
4875,2022-04-09 16:00:00,14,2,경북 영양 일월,0.2,59.05480194091797,False,0.0
4867,2022-04-10 12:00:00,11,1,강원 고성 토성,0.2,,False,0.0
4868,2022-04-10 12:00:00,11,1,강원 인제 북,3.0,,False,2.4860921502113342
4860,2022-04-10 13:00:00,11,2,경기 안양 만안,0.02,74.93067932128906,True,20.467284440994263
4861,2022-04-10 13:00:00,11,2,경기 광주 퇴촌,0.02,32.43653106689453,True,77.70049348473549
4862,2022-04-10 13:00:00,11,2,경기 양주 은현,0.15,,False,1.1546194553375244
4863,2022-04-10 13:00:00,11,2,경북 군위 삼국유사,347.0,31.458709716796875,False,1.8443574905395508
4864,2022-04-10 13:00:00,11,2,강원 화천 상서,2.0,,False,2.4860921502113342
4865,2022-04-10 13:00:00,11,2,경기 파주 법원,0.06,,False,10.104551196098328
4866,2022-04-10 13:00:00,11,2,경기 고양 덕양,0.03,82.168212890625,False,55.83644989132881
4859,2022-04-10 14:00:00,11,3,경남 거창 주상,0.01,56.58818817138672,False,26.011693447828293
4856,2022-04-10 15:00:00,14,1,경기 광주 오포,0.02,6.235644817352295,True,442.9361364841461
4857,2022-04-10 15:00:00,14,1,강원 양구 양구,720.0,2.436128854751587,True,582.6293315291405
4855,2022-04-10 17:00:00,14,3,전남 광양 광양,0.5,37.946495056152344,False,1894.8712554872036
4849,2022-04-11 12:00:00,11,1,경기 광주 nan,0.04,11.306568145751953,True,157.4446755349636
4848,2022-04-11 13:00:00,11,2,충북 영동 추풍령,0.2,17.202369689941406,False,0.0
4847,2022-04-11 17:00:00,14,3,경북 의성 단촌,0.15,53.5218391418457,False,15.56844711303711
4844,2022-04-12 13:00:00,11,2,경북 고령 다산,7.7,64.45647430419922,False,3.3415276408195496
4845,2022-04-12 13:00:00,11,2,경기 화성 봉담,0.5,49.89130783081055,False,311.4582606256008
4843,2022-04-12 14:00:00,11,3,전남 장성 장성,0.3,1.8861215114593506,False,911.2873846888542
4842,2022-04-12 15:00:00,14,1,강원 홍천 서,0.3,13.83708381652832,False,9.239432841539383
4839,2022-04-12 16:00:00,14,2,전남 순천 주암,1.0,63.63400650024414,False,31.824145048856735
4840,2022-04-12 16:00:00,14,2,충남 아산 영인,0.05,68.19931030273438,False,81.15858221054077
4841,2022-04-12 16:00:00,14,2,충남 공주 우성,0.21,28.881134033203125,True,34.91817671060562
4838,2022-04-12 17:00:00,14,3,전북 장수 산서,0.04,53.06916046142578,False,17.26261267066002
4835,2022-04-15 13:00:00,11,2,경기 양주 은현,0.01,,False,81.91137060523033
4834,2022-04-15 17:00:00,14,3,강원 춘천 남산,0.02,21.57948875427246,False,1.4851233959197998
4833,2022-04-16 12:00:00,11,1,충남 예산 대술,0.08,51.091739654541016,False,4.667485475540161
4832,2022-04-16 14:00:00,11,3,경기 양평 용문,0.02,38.33525848388672,True,10.210667163133621
4831,2022-04-16 15:00:00,14,1,대구 북 nan,0.01,3.9505934715270996,True,466.69718384742737
4827,2022-04-17 12:00:00,11,1,강원 인제 남,0.2,73.47103118896484,True,13.464881420135498
4828,2022-04-17 12:00:00,11,1,전남 화순 화순,0.2,1.4420040845870972,False,3.3415276408195496
4826,2022-04-17 15:00:00,14,1,전남 순천 송광,1.0,25.20924949645996,False,0.0
4825,2022-04-17 17:00:00,14,3,경기 가평 청평,0.05,67.6655502319336,False,5.337035834789276
4821,2022-04-18 14:00:00,11,3,경남 하동 진교,0.2,19.520706176757812,False,25.337751150131226
4819,2022-04-18 16:00:00,14,2,울산 북 nan,0.01,15.895760536193848,False,0.0
4820,2022-04-18 16:00:00,14,2,전북 무주 무주,0.6,6.6617431640625,False,874.7059032022953
4817,2022-04-18 17:00:00,14,3,대구 달성 다사,0.02,5.544852256774902,True,31.888558864593506
4813,2022-04-19 13:00:00,11,2,대구 북 nan,0.25,6.528219223022461,True,1013.8366043269634
4814,2022-04-19 13:00:00,11,2,전북 장수 산서,0.1,78.40419006347656,False,8.401577770709991
4812,2022-04-19 14:00:00,11,3,전북 순창 풍산,0.1,62.69279479980469,False,25.50322738289833
4811,2022-04-19 15:00:00,14,1,충남 청양 장평,1.0,51.3681526184082,True,14.7391177713871
4810,2022-04-19 16:00:00,14,2,인천 강화 내가,0.69,,False,14.04197159409523
4805,2022-04-20 13:00:00,11,2,대구 동 nan,0.08,5.6767706871032715,False,56.5729455947876
4806,2022-04-20 13:00:00,11,2,강원 영월 북,9.7,65.31269836425781,False,3.1758301854133606
4803,2022-04-20 14:00:00,11,3,경남 창녕 고암,0.1,0.8163953423500061,False,8.499727189540863
4804,2022-04-20 14:00:00,11,3,경기 남양주 조안,0.01,64.50379180908203,False,5.825138568878174
4800,2022-04-20 16:00:00,14,2,충남 부여 부여,0.03,63.24535369873047,False,975.4407688677311
4801,2022-04-20 16:00:00,14,2,대구 달성 옥포,0.5,35.21176528930664,True,18.154232680797577
4802,2022-04-20 16:00:00,14,2,충남 논산 벌곡,0.5,68.13703155517578,False,4.5689137279987335
4795,2022-04-21 12:00:00,11,1,충남 부여 세도,0.2,96.9749755859375,False,41.47381740808487
4794,2022-04-21 14:00:00,11,3,강원 춘천 북산,1.5,63.2119026184082,False,0.0
4791,2022-04-22 12:00:00,11,1,충남 공주 신풍,1.0,58.501644134521484,False,7.04228937625885
4789,2022-04-22 13:00:00,11,2,강원 양양 현북,69.21,1.7186847925186157,True,10.65254721045494
4790,2022-04-22 13:00:00,11,2,경북 영주 이산,3.0,67.50447082519531,True,19.840635299682617
4788,2022-04-22 15:00:00,14,1,경북 경주 건천,0.5,2.1299595832824707,True,199.97608163952827
4784,2022-04-23 12:00:00,11,1,경기 양주 광적,0.01,,False,0.0
4781,2022-04-23 14:00:00,11,3,충남 아산 탕정,0.01,50.745079040527344,True,932.3403922915459
4782,2022-04-23 14:00:00,11,3,경북 봉화 재산,0.05,43.70472717285156,False,33.546592086553574
4783,2022-04-23 14:00:00,11,3,대전 대덕 nan,0.01,24.020620346069336,True,433.71754318475723
4778,2022-04-24 12:00:00,11,1,경기 양평 서종,0.2,62.12034225463867,True,15.76352772116661
4779,2022-04-24 12:00:00,11,1,충남 당진 정미,0.02,97.65847778320312,False,15.202658355236053
4775,2022-04-24 14:00:00,11,3,충북 청주 상당 미원,0.2,64.24394226074219,False,1.1546194553375244
4776,2022-04-24 14:00:00,11,3,강원 횡성 둔내,0.02,63.43135070800781,False,0.0
4774,2022-04-24 16:00:00,14,2,세종 nan nan,0.03,2.91213321685791,False,384.7236293256283
4769,2022-04-25 14:00:00,11,3,전남 곡성 옥과,0.3,74.42558288574219,False,3.0020105838775635
4770,2022-04-25 14:00:00,11,3,전북 진안 상전,0.06,47.312339782714844,False,6.278266251087189
4771,2022-04-25 14:00:00,11,3,경기 고양 덕양,0.01,,False,5344.0973495543
4767,2022-04-25 15:00:00,14,1,대구 남 nan,0.01,29.338720321655273,False,4429.964968621731
4768,2022-04-25 15:00:00,14,1,경기 동두천 nan,0.1,,False,8.311230719089508
4766,2022-04-25 16:00:00,14,2,강원 영월 북,0.05,27.105220794677734,False,3.1758301854133606
4765,2022-04-26 13:00:00,11,2,경기 포천 이동,0.16,0.21738722920417786,False,3.5687025785446167
4764,2022-04-28 12:00:00,11,1,경기 가평 설악,0.01,1.5441713333129883,False,8.399144858121872
4761,2022-05-01 13:00:00,11,2,충남 금산 진산,0.3,77.0492172241211,True,29.883435547351837
4762,2022-05-01 13:00:00,11,2,경기 파주 적성,0.3,,False,33.68583220243454
4763,2022-05-01 13:00:00,11,2,전남 보성 겸백,0.65,61.570682525634766,False,0.0
4760,2022-05-01 15:00:00,14,1,경기 양평 옥천,0.07,20.114242553710938,False,151.7018847167492
4759,2022-05-02 16:00:00,14,2,경북 봉화 명호,0.01,56.70445251464844,False,3.6407116055488586
4756,2022-05-03 15:00:00,14,1,경북 영주 부석,0.01,27.344654083251953,False,0.9282021224498749
4755,2022-05-03 16:00:00,14,2,강원 태백 nan,0.1,35.09115982055664,False,0.0
4753,2022-05-03 17:00:00,14,3,전남 보성 회천,0.01,47.1506233215332,False,29.200329333543777
4754,2022-05-03 17:00:00,14,3,충북 옥천 청성,0.5,2.6825833320617676,False,3.332514524459839
4752,2022-05-04 14:00:00,11,3,전남 장흥 부산,0.1,80.10301971435547,False,15.932170987129211
4749,2022-05-05 12:00:00,11,1,충북 괴산 사리,0.05,15.392511367797852,False,8.877165108919144
4748,2022-05-05 14:00:00,11,3,경기 양평 서종,0.15,0.4752523899078369,False,2.480112701654434
4746,2022-05-06 17:00:00,14,3,부산 강서 nan,0.01,63.570796966552734,True,94.53645867109299
4744,2022-05-07 17:00:00,14,3,전남 해남 현산,0.2,80.52603912353516,False,19.92310357093811
4740,2022-05-09 13:00:00,11,2,경북 영덕 남정,0.6,25.50923728942871,False,122.66208186745644
4738,2022-05-12 12:00:00,11,1,경기 여주 점동,0.02,24.22315788269043,False,5.827619791030884
4737,2022-05-12 13:00:00,11,2,강원 횡성 안흥,0.15,38.279781341552734,True,16.817564845085144
4736,2022-05-13 17:00:00,14,3,충남 천안 동남,0.01,17.15641975402832,True,174.40426543354988
4735,2022-05-14 14:00:00,11,3,서울 노원 nan,0.02,0.11031749099493027,False,5601.995691895485
4734,2022-05-14 16:00:00,14,2,전남 고흥 도화,0.1,36.492919921875,False,2.4860921502113342
4728,2022-05-15 14:00:00,11,3,충북 단양 영춘,0.16,37.651920318603516,False,0.9282021224498749
4726,2022-05-15 15:00:00,14,1,경기 남양주 nan,0.06,8.348336219787598,True,32.71232309937477
4727,2022-05-15 15:00:00,14,1,경기 안양 동안,0.05,18.710968017578125,True,8252.107393950224
4725,2022-05-15 17:00:00,14,3,강원 홍천 두촌,0.18,85.50166320800781,True,13.150146424770355
4721,2022-05-16 12:00:00,11,1,충북 제천 nan,0.01,59.9913444519043,False,0.0
4722,2022-05-16 12:00:00,11,1,충남 아산 음봉,0.05,44.232505798339844,False,37.634598046541214
4720,2022-05-16 13:00:00,11,2,전북 남원 송동,0.03,62.96350860595703,True,13.053964048624039
4719,2022-05-16 17:00:00,14,3,전북 남원 인월,0.2,76.21015167236328,False,0.0
4715,2022-05-17 12:00:00,11,1,충남 공주 정안,0.5,70.3325424194336,True,37.553043872117996
4714,2022-05-17 13:00:00,11,2,경기 과천 nan,4.0,1.207821011543274,False,1598.0678956508636
4709,2022-05-18 13:00:00,11,2,충남 공주 우성,0.9,40.830387115478516,False,36.285012155771255
4708,2022-05-18 14:00:00,11,3,충남 당진 고대,0.6,91.05149841308594,True,12.080810993909836
4703,2022-05-19 14:00:00,11,3,울산 북 nan,0.01,28.430126190185547,True,209.39883267879486
4697,2022-05-21 12:00:00,11,1,경북 경주 현곡,0.03,16.03921127319336,False,5.132366895675659
4696,2022-05-21 13:00:00,11,2,경기 안성 죽산,2.0,63.50420379638672,True,11.436023890972137
4694,2022-05-21 15:00:00,14,1,경남 밀양 산내,0.09,19.292558670043945,False,2.9111989736557007
4695,2022-05-21 15:00:00,14,1,경남 하동 진교,0.01,22.220115661621094,False,3.8453805446624756
4693,2022-05-21 16:00:00,14,2,경북 경산 남산,0.16,27.810060501098633,True,47.58788588643074
4691,2022-05-21 17:00:00,14,3,충남 금산 군북,0.01,42.478023529052734,False,2.4860921502113342
4692,2022-05-21 17:00:00,14,3,강원 원주 신림,0.01,69.32566833496094,True,10.979546874761581
4688,2022-05-22 12:00:00,11,1,충북 괴산 칠성,0.01,54.58587646484375,False,0.0
4687,2022-05-22 13:00:00,11,2,대구 수성 nan,0.1,4.848374843597412,False,7.237945199012756
4686,2022-05-22 14:00:00,11,3,전북 진안 주천,0.1,25.961076736450195,False,0.4310862720012665
4685,2022-05-22 16:00:00,14,2,서울 강북 nan,0.01,65.65467834472656,True,433.2129952907562
4705,2022-05-23 13:00:00,11,2,경기 화성 서신,0.02,98.40176391601562,True,36.92909914255142
4704,2022-05-23 15:00:00,14,1,경기 여주 점동,0.1,40.61381912231445,True,25.22577303647995
4678,2022-05-25 12:00:00,11,1,울산 남 nan,0.01,95.90656280517578,False,2.0828215777873993
4677,2022-05-25 15:00:00,14,1,강원 인제 기린,0.21,40.31237030029297,True,13.610885322093964
4672,2022-05-26 16:00:00,14,2,경북 고령 우곡,0.2,2.8037657737731934,False,6.979758024215698
4664,2022-05-27 12:00:00,11,1,경남 함양 마천,0.1,25.38892936706543,True,37.96297341585159
4665,2022-05-27 12:00:00,11,1,경남 사천 축동,0.06,15.8131103515625,False,4.022252559661865
4666,2022-05-27 12:00:00,11,1,부산 금정 nan,0.01,20.660926818847656,False,0.0
4663,2022-05-27 17:00:00,14,3,경북 포항 북 청하,0.03,28.439529418945312,True,12.325034648180008
4662,2022-05-28 12:00:00,11,1,경북 울진 근남,145.0,12.896202087402344,True,13.922116041183472
4659,2022-05-29 12:00:00,11,1,경남 사천 서포,0.1,50.92756271362305,False,12.949720591306686
4658,2022-05-29 14:00:00,11,3,부산 영도 nan,0.7,47.326454162597656,True,406.2605473101139
4657,2022-05-29 15:00:00,14,1,경남 산청 오부,0.01,11.07229995727539,False,7.445559948682785
4652,2022-05-31 12:00:00,11,1,대구 달성 하빈,4.0,9.098695755004883,True,20.785627394914627
4653,2022-05-31 12:00:00,11,1,경기 고양 덕양,0.01,40.80683898925781,True,237.97119623422623
4650,2022-05-31 16:00:00,14,2,경북 예천 지보,0.1,4.903321266174316,False,1.847391128540039
4651,2022-05-31 16:00:00,14,2,경기 고양 덕양구,0.03,17.22686767578125,False,1.8443574905395508
4647,2022-06-01 12:00:00,11,1,경북 봉화 물야,0.5,8.729379653930664,False,5.261685401201248
4646,2022-06-01 13:00:00,11,2,충북 제천 백운,0.1,41.763221740722656,False,0.0
4645,2022-06-01 17:00:00,14,3,경북 청송 진보,0.06,63.44011306762695,False,0.6897380352020264
4640,2022-06-02 15:00:00,14,1,전북 남원 보절,0.3,52.53876495361328,False,1.585705727338791
4638,2022-06-03 12:00:00,11,1,대전 서 nan,0.01,68.67510223388672,True,42.50193211436272
4637,2022-06-03 15:00:00,14,1,서울 관악 nan,0.01,55.47337341308594,False,1.1546194553375244
4635,2022-06-03 16:00:00,14,2,울산 울주 삼동,0.2,41.34893798828125,False,1.1546194553375244
4636,2022-06-03 16:00:00,14,2,충북 제천 덕산,0.1,58.0805778503418,False,0.0
4633,2022-06-04 14:00:00,11,3,경기 안양 만안,0.01,30.29732894897461,False,0.0
4628,2022-06-20 13:00:00,11,2,강원 횡성 안흥,0.01,53.2484016418457,False,20.86674216389656
4625,2022-06-21 13:00:00,11,2,대구 동 nan,0.33,87.09768676757812,False,56.5729455947876
4626,2022-06-21 13:00:00,11,2,경북 영천 화남,0.2,35.39661407470703,False,0.0
4624,2022-06-21 14:00:00,11,3,전북 장수 산서,0.02,42.69230270385742,False,0.0
4623,2022-06-21 16:00:00,14,2,충남 부여 외산,0.01,45.61105728149414,False,0.0
4328,2023-02-01 14:00:00,11,3,경남 함안 대산,1.5,23.7919864654541,False,16.321557879447937
4327,2023-02-01 15:00:00,14,1,세종 연서 nan,0.04,84.66913604736328,False,5.0538259744644165
4326,2023-02-01 16:00:00,14,2,대전 유성 nan,0.03,36.56614685058594,False,2827.289643317461
4389,2023-02-03 15:00:00,14,1,경기 양평 청운,0.2,51.806888580322266,False,29.049078702926636
4388,2023-02-03 17:00:00,14,3,경기 여주 강천,0.95,71.64498901367188,False,0.0
4080,2023-02-05 14:00:00,11,3,전북 순창 팔덕,0.2,94.9166259765625,False,7.675010919570923
4081,2023-02-05 14:00:00,11,3,경기 광주 초월,0.03,66.68606567382812,True,28.546696692705154
4078,2023-02-05 15:00:00,14,1,전남 나주 문평,0.2,84.63238525390625,False,0.0
4079,2023-02-05 15:00:00,14,1,경남 김해 진영,0.1,8.275240898132324,False,223.9791424870491
5216,2023-02-06 13:00:00,11,2,전북 임실 성수,0.3,60.16903305053711,False,6.239451617002487
5217,2023-02-06 13:00:00,11,2,전북 익산 함라,0.1,59.69830322265625,False,7.080810993909836
5212,2023-02-07 13:00:00,11,2,경기 하남 nan,0.01,79.71504211425781,True,27.640577495098114
5211,2023-02-07 14:00:00,11,3,경남 거창 가북,0.02,14.362043380737305,False,6.126134008169174
5210,2023-02-07 15:00:00,14,1,경북 상주 이안,0.01,55.507572174072266,True,22.30859461426735
4073,2023-02-08 13:00:00,11,2,전남 고흥 점암,0.3,8.813029289245605,False,24.45079657435417
4074,2023-02-08 13:00:00,11,2,경남 진주 수곡,0.5,14.434463500976562,False,5.589155703783035
4072,2023-02-08 14:00:00,11,3,대전 서 nan,0.15,56.49651336669922,False,11.381839960813522
4071,2023-02-08 16:00:00,14,2,전남 장흥 유치,0.02,81.9096450805664,False,0.0
4384,2023-02-09 12:00:00,11,1,전북 완주 소양,0.4,63.20532989501953,True,10.796586871147156
4382,2023-02-10 12:00:00,11,1,경기 하남 nan,0.01,45.738182067871094,True,727.5935971736908
4380,2023-02-14 14:00:00,11,3,경기 시흥 nan,0.03,,False,2631.248045027256
4068,2023-02-15 15:00:00,14,1,세종 연기 nan,0.03,22.5835018157959,False,16.083120584487915
4069,2023-02-15 15:00:00,14,1,경기 용인 처인 백암,0.1,8.435060501098633,False,41.6350063085556
4379,2023-02-17 14:00:00,11,3,경기 고양 덕양,0.06,12.089466094970703,True,2423.1576302349567
4378,2023-02-19 17:00:00,14,3,경기 양평 양평,0.12,0.7982836365699768,False,133.93583807349205
4375,2023-02-20 12:00:00,11,1,경기 화성 비봉,0.3,0.6646965742111206,True,76.441774725914
4374,2023-02-20 13:00:00,11,2,서울 종로 nan,0.01,2.989920139312744,False,404.5056526660919
4372,2023-02-21 12:00:00,11,1,경북 문경 문경,0.5,0.005127582233399153,False,2768.9457047581673
4370,2023-02-22 12:00:00,11,1,강원 삼척 도계,0.1,4.811561584472656,False,1.8443574905395508
4067,2023-02-23 12:00:00,11,1,강원 삼척 노곡,0.2,13.350065231323242,False,1.3592883944511414
4066,2023-02-23 13:00:00,11,2,울산 북 nan,0.03,13.912750244140625,False,1.9829968512058258
4065,2023-02-23 15:00:00,14,1,경북 봉화 명호,0.2,24.97132682800293,False,3.6407116055488586
4064,2023-02-23 16:00:00,14,2,경남 의령 유곡,0.5,21.24033546447754,False,2.7065300345420837
4368,2023-02-24 13:00:00,11,2,경북 울진 온정,0.06,5.949075222015381,False,0.0
4366,2023-02-24 14:00:00,11,3,전남 강진 칠량,0.05,49.7223014831543,False,0.9282021224498749
4367,2023-02-24 14:00:00,11,3,부산 기장 정관,3.0,7.453075885772705,False,2.5139078497886658
4365,2023-02-24 17:00:00,14,3,대전 서 nan,0.01,63.46003723144531,True,28.97555246949196
5206,2023-02-25 12:00:00,11,1,경기 화성 송산,0.09,36.17509460449219,True,46.24588295817375
5207,2023-02-25 12:00:00,11,1,경남 거창 북상,0.05,17.378185272216797,False,7.537129163742065
5208,2023-02-25 12:00:00,11,1,경기 여주 점동,0.6,35.575435638427734,True,34.485280245542526
5203,2023-02-25 13:00:00,11,2,경북 예천 은풍,0.1,10.815690040588379,False,11.133354425430298
5204,2023-02-25 13:00:00,11,2,충남 부여 세도,0.5,92.4068603515625,False,0.0
5205,2023-02-25 13:00:00,11,2,전남 순천 상사,0.1,78.75696563720703,False,8.638701021671295
5202,2023-02-25 14:00:00,11,3,경남 진주 대곡,0.5,1.4308652877807617,False,0.9282021224498749
5201,2023-02-25 15:00:00,14,1,충남 부여 은산,1.0,83.13970184326172,False,5.595687597990036
5117,2023-02-26 12:00:00,11,1,전북 임실 삼계,0.2,83.5302734375,False,6.8949258625507355
5113,2023-02-26 13:00:00,11,2,전남 순천 서,0.03,10.122621536254883,True,42.75425308942795
5114,2023-02-26 13:00:00,11,2,충북 단양 대강,0.1,28.03513526916504,False,6.463839590549469
5115,2023-02-26 13:00:00,11,2,경기 남양주 화도,0.33,12.760761260986328,True,149.80528554320335
5116,2023-02-26 13:00:00,11,2,전남 화순 이양,0.5,39.72239303588867,False,6.753340691328049
5107,2023-02-26 14:00:00,11,3,인천 강화 송해,0.6,,False,39.762558966875076
5108,2023-02-26 14:00:00,11,3,전북 군산 옥산,0.1,59.83210372924805,False,40.594490855932236
5109,2023-02-26 14:00:00,11,3,전북 임실 강진,0.5,84.54125213623047,True,37.86274391412735
5110,2023-02-26 14:00:00,11,3,경북 영천 화남,2.0,18.886720657348633,False,4.569514483213425
5111,2023-02-26 14:00:00,11,3,경기 안성 금광,0.1,56.549591064453125,False,8.24747720360756
5112,2023-02-26 14:00:00,11,3,광주 광산 nan,0.02,55.82470703125,False,19.922990262508392
5106,2023-02-26 15:00:00,14,1,경기 시흥 nan,0.04,7.696498394012451,True,34.766889840364456
4058,2023-02-27 12:00:00,11,1,경남 함안 칠원,0.15,6.107173442840576,True,65.0153129696846
4059,2023-02-27 12:00:00,11,1,전북 익산 웅포,0.3,59.9071159362793,False,2.4860921502113342
4057,2023-02-27 13:00:00,11,2,강원 고성 현내,0.1,,False,0.0
4056,2023-02-27 15:00:00,14,1,충남 금산 복수,1.7,7.597199440002441,True,47.11028325557709
4055,2023-02-27 17:00:00,14,3,경남 창녕 남지,8.0,38.50449752807617,True,23.966416001319885
5146,2023-02-28 14:00:00,11,3,전북 완주 비봉,1.0,54.50349044799805,False,5.488102734088898
5147,2023-02-28 14:00:00,11,3,경북 영천 화남,51.0,21.15020751953125,False,6.775382101535797
5148,2023-02-28 14:00:00,11,3,경북 성주 금수,9.1,44.36771774291992,False,0.0
5142,2023-02-28 15:00:00,14,1,경북 예천 풍양,37.0,37.415428161621094,True,19.210947394371033
5143,2023-02-28 15:00:00,14,1,경북 상주 은척,0.5,12.62684154510498,True,25.48442479968071
5144,2023-02-28 15:00:00,14,1,전북 익산 왕궁,0.8,87.51727294921875,False,2.968215435743332
5145,2023-02-28 15:00:00,14,1,전북 남원 사매,1.0,68.45610809326172,False,2.0490264296531677
5141,2023-02-28 16:00:00,14,2,전남 보성 율어,0.1,35.02956008911133,False,0.0
5139,2023-02-28 17:00:00,14,3,충남 공주 탄천,0.3,79.63184356689453,False,40.92859762907028
4362,2023-03-01 14:00:00,11,3,경기 고양 일산동,0.16,,False,57.53565350174904
4363,2023-03-01 14:00:00,11,3,전남 나주 동강,0.3,88.80655670166016,False,15.493180483579636
5131,2023-03-02 12:00:00,11,1,경기 화성 정남,0.43,60.71184158325195,False,476.30455300211906
5130,2023-03-02 13:00:00,11,2,경기 가평 청평,1.0,47.119380950927734,False,1.4851233959197998
5127,2023-03-02 15:00:00,14,1,전북 임실 성수,0.2,83.77369689941406,False,6.465868949890137
5128,2023-03-02 15:00:00,14,1,경북 김천 개령,10.0,51.91714859008789,False,12.449658930301666
5129,2023-03-02 15:00:00,14,1,전남 광양 봉강,1.0,35.76518249511719,False,3.971215546131134
5126,2023-03-02 16:00:00,14,2,충남 천안 동남 광덕,0.1,67.55168151855469,False,4.667485475540161
5125,2023-03-02 17:00:00,14,3,경기 안성 미양,0.66,65.10060119628906,False,15.6611567735672
4047,2023-03-03 12:00:00,11,1,광주 광산 nan,0.08,87.18717193603516,False,862.4747361540794
4043,2023-03-03 14:00:00,11,3,경남 김해 nan,0.03,21.678104400634766,False,4.408833712339401
4044,2023-03-03 14:00:00,11,3,전남 순천 월등,47.0,40.859771728515625,False,0.0
4045,2023-03-03 14:00:00,11,3,경북 영양 영양,40.0,3.361682891845703,False,807.3876737654209
4046,2023-03-03 14:00:00,11,3,충남 공주 신풍,2.0,44.01211929321289,False,20.810510009527206
4042,2023-03-03 17:00:00,14,3,경기 양평 용문,0.02,22.197412490844727,True,10.330298781394958
5240,2023-03-04 13:00:00,11,2,전남 화순 동,0.5,4.102133274078369,False,7.982538253068924
5241,2023-03-04 13:00:00,11,2,충남 부여 충화,0.3,78.3965072631836,True,15.104569971561432
5239,2023-03-04 14:00:00,11,3,충북 제천 봉양,0.2,67.42285919189453,True,23.324212700128555
5100,2023-03-05 12:00:00,11,1,경남 창녕 대합,0.05,38.21234130859375,False,11.589674592018127
5101,2023-03-05 12:00:00,11,1,전북 무주 무풍,0.3,75.70972442626953,False,9.30227193236351
5102,2023-03-05 12:00:00,11,1,경북 경산 남천,3.0,68.08539581298828,False,2.4860921502113342
5099,2023-03-05 13:00:00,11,2,충남 공주 탄천,0.9,45.494483947753906,True,12.285479933023453
5097,2023-03-05 14:00:00,11,3,전남 구례 산동,0.05,26.554306030273438,False,1.1546194553375244
5098,2023-03-05 14:00:00,11,3,전남 완도 신지,0.3,1.4285714626312256,True,39.379394233226776
5096,2023-03-05 15:00:00,14,1,인천 남동 nan,0.01,48.952125549316406,True,13.393585681915283
5090,2023-03-06 12:00:00,11,1,전북 임실 임실,0.4,23.528812408447266,False,240.8219354748726
5087,2023-03-06 13:00:00,11,2,전남 장성 진원,0.5,72.29666900634766,False,4.692560523748398
5088,2023-03-06 13:00:00,11,2,강원 횡성 서원,0.15,69.00595092773438,False,3.6407116055488586
5089,2023-03-06 13:00:00,11,2,전남 고흥 풍양,0.2,27.636316299438477,False,0.0
5086,2023-03-06 14:00:00,11,3,경기 안성 죽산,2.0,88.153564453125,False,517.9427198469639
5083,2023-03-06 15:00:00,14,1,경남 밀양 nan,0.2,55.1328239440918,False,0.0
5084,2023-03-06 15:00:00,14,1,경기 안성 보개,0.5,68.14126586914062,False,9.154619455337524
5085,2023-03-06 15:00:00,14,1,충북 충주 주덕,0.02,62.152793884277344,True,14.612525165081024
5080,2023-03-06 16:00:00,14,2,경북 안동 예안,0.12,86.28495025634766,False,3.69174861907959
5081,2023-03-06 16:00:00,14,2,강원 고성 죽왕,0.01,,False,120.31635132431984
5082,2023-03-06 16:00:00,14,2,충북 청주 청원 오창,0.3,13.409998893737793,False,9.515707284212112
5079,2023-03-06 17:00:00,14,3,경북 울진 금강송,0.8,6.8154401779174805,True,45.83804342150688
5235,2023-03-07 12:00:00,11,1,충남 당진 면천,7.0,22.793458938598633,False,146.0270876288414
5234,2023-03-07 13:00:00,11,2,대구 수성 nan,0.5,50.56105041503906,True,536.566802918911
5233,2023-03-07 14:00:00,11,3,경북 칠곡 지천,0.03,51.855247497558594,False,0.0
5231,2023-03-07 15:00:00,14,1,부산 금정 nan,0.01,2.9920921325683594,True,25.713875770568848
5232,2023-03-07 15:00:00,14,1,경남 산청 차황,1.0,13.47781753540039,False,0.0
5230,2023-03-07 17:00:00,14,3,충남 서천 서천,0.06,7.834606647491455,False,40.42449602484703
5225,2023-03-08 13:00:00,11,2,충남 부여 옥산,2.0,14.934767723083496,True,22.38599318265915
5222,2023-03-08 14:00:00,11,3,대구 북 nan,0.03,21.473051071166992,True,70.43224743008614
5223,2023-03-08 14:00:00,11,3,경남 합천 용주,163.0,33.39588165283203,True,23.906453728675842
5224,2023-03-08 14:00:00,11,3,경기 평택 안중,0.15,55.316593170166016,True,78.23088830709457
4415,2023-03-09 12:00:00,11,1,경기 용인 처인 백암,0.06,83.31800842285156,False,46.44353270530701
4414,2023-03-09 15:00:00,14,1,충남 논산 노성,0.1,5.481034755706787,True,15.37203249335289
4039,2023-03-10 12:00:00,11,1,경북 상주 공성,0.5,43.89826965332031,False,2.4860921502113342
4037,2023-03-10 13:00:00,11,2,전북 정읍 입암,1.0,12.024125099182129,False,74.42998605966568
4038,2023-03-10 13:00:00,11,2,충북 청주 상당 낭성,1.0,61.980430603027344,False,1.8443574905395508
4036,2023-03-10 14:00:00,11,3,경기 남양주 별내,0.27,85.36576843261719,True,37.146401435136795
4035,2023-03-10 15:00:00,14,1,경남 함양 병곡,0.01,14.75539493560791,False,1.3592883944511414
5161,2023-03-11 12:00:00,11,1,강원 홍천 서,0.15,51.284278869628906,False,6.753340691328049
5160,2023-03-11 13:00:00,11,2,경남 하동 화개,91.0,4.0318989753723145,False,1.1546194553375244
5155,2023-03-11 14:00:00,11,3,전북 남원 송동,0.3,60.58625030517578,False,0.6897380352020264
5156,2023-03-11 14:00:00,11,3,충남 공주 탄천,0.4,23.551265716552734,True,11.088608652353287
5157,2023-03-11 14:00:00,11,3,대구 남 nan,1.0,40.86985778808594,False,4429.964968621731
5158,2023-03-11 14:00:00,11,3,경기 안성 대덕,0.15,15.752579689025879,True,48.70479965209961
5159,2023-03-11 14:00:00,11,3,충남 천안 서북,0.1,22.264307022094727,False,3323.92152890563
5152,2023-03-11 15:00:00,14,1,광주 북 nan,4.0,18.670419692993164,True,1585.252681195736
5153,2023-03-11 15:00:00,14,1,경기 파주 조리,0.02,,False,100.86429101228714
5154,2023-03-11 15:00:00,14,1,충남 천안 동남 풍세,0.66,4.681678295135498,False,98.56442856788635
4033,2023-03-12 14:00:00,11,3,경기 안양 만안,0.01,81.56788635253906,True,56.98960515856743
4031,2023-03-14 12:00:00,11,1,충북 보은 탄부,0.01,31.19325828552246,True,26.691641986370087
4032,2023-03-14 12:00:00,11,1,경북 예천 개포,0.1,52.0489387512207,False,7.1778950691223145
4026,2023-03-14 13:00:00,11,2,경기 여주 가남,1.93,35.958839416503906,False,5.454307585954666
4027,2023-03-14 13:00:00,11,2,전북 남원 대강,0.3,67.00480651855469,False,9.978734970092773
4028,2023-03-14 13:00:00,11,2,충북 옥천 청성,0.06,34.638179779052734,False,0.6897380352020264
4029,2023-03-14 13:00:00,11,2,강원 홍천 영귀미,0.16,18.094947814941406,True,27.9939326941967
4030,2023-03-14 13:00:00,11,2,경기 파주 파주,0.03,,False,2319.947680771351
4024,2023-03-14 14:00:00,11,3,경남 거제 둔덕,0.04,95.4778060913086,False,7.973525136709213
4025,2023-03-14 14:00:00,11,3,충남 금산 부리,3.0,30.047229766845703,True,14.407856225967407
5277,2023-03-14 16:00:00,14,2,경기 양주 백석,0.01,,False,235.52440786361694
5195,2023-03-16 12:00:00,11,1,전남 진도 의신,0.3,92.88687896728516,False,2.9171784222126007
5196,2023-03-16 12:00:00,11,1,부산 연제 nan,0.01,59.397003173828125,True,216.14853447675705
5194,2023-03-16 14:00:00,11,3,경북 상주 외남,86.0,52.45275115966797,False,0.0
4359,2023-03-18 12:00:00,11,1,충북 제천 청풍,0.2,28.149333953857422,False,7.392041712999344
4360,2023-03-18 12:00:00,11,1,경기 여주 북내,0.07,12.111903190612793,True,32.698452204465866
4357,2023-03-18 13:00:00,11,2,전북 완주 용진,3.0,35.164886474609375,False,8.106854796409607
4358,2023-03-18 13:00:00,11,2,충남 예산 예산,2.0,8.38499927520752,False,1196.7713114321232
4353,2023-03-18 14:00:00,11,3,전남 화순 청풍,3.0,73.58009338378906,False,0.0
4354,2023-03-18 14:00:00,11,3,충북 옥천 청성,0.3,24.683773040771484,False,1.3592883944511414
4355,2023-03-18 14:00:00,11,3,충북 영동 심천,10.0,29.088565826416016,False,2.775593250989914
4356,2023-03-18 14:00:00,11,3,충북 제천 한수,0.1,40.23845291137695,False,0.0
4351,2023-03-18 15:00:00,14,1,강원 정선 화암,0.8,63.0566291809082,False,7.432885706424713
4352,2023-03-18 15:00:00,14,1,충남 보령 미산,2.0,4.867438316345215,False,3.7636007964611053
4349,2023-03-18 16:00:00,14,2,경북 성주 선남,0.1,25.01749038696289,True,33.987819135189056
4350,2023-03-18 16:00:00,14,2,강원 평창 진부,15.0,50.438655853271484,False,0.0
5275,2023-03-19 12:00:00,11,1,충북 제천 백운,0.1,52.23295211791992,False,2.4860921502113342
5274,2023-03-19 14:00:00,11,3,경북 영천 청통,1.5,9.991931915283203,True,24.483456045389175
5272,2023-03-19 16:00:00,14,2,경기 양평 개군,0.05,48.545719146728516,True,21.552420735359192
4424,2023-03-20 12:00:00,11,1,부산 부산진 nan,0.03,13.351613998413086,True,2599.9695612490177
4425,2023-03-20 12:00:00,11,1,전북 임실 오수,1.0,22.51421356201172,False,3.43309685587883
4420,2023-03-20 13:00:00,11,2,전북 장수 장계,0.1,23.11115074157715,False,3.971215546131134
4421,2023-03-20 13:00:00,11,2,충남 서천 마산,12.0,18.94223976135254,False,0.9282021224498749
4422,2023-03-20 13:00:00,11,2,전남 고흥 영남,0.1,24.0876407623291,False,1.9162096679210663
4423,2023-03-20 13:00:00,11,2,충남 서천 판교,0.03,17.442523956298828,False,0.0
4419,2023-03-20 14:00:00,11,3,충남 천안 동남 목천,0.1,30.4456787109375,True,63.41314175724983
5263,2023-03-21 12:00:00,11,1,경남 산청 생비량,2.0,5.6664814949035645,False,3.6407116055488586
5264,2023-03-21 12:00:00,11,1,울산 울주 두동,1.2,10.96761703491211,False,6.465868949890137
5266,2023-03-21 12:00:00,11,1,전남 광양 진상,0.3,56.28044128417969,False,0.0
5267,2023-03-21 12:00:00,11,1,경북 안동 도산,10.0,13.43578052520752,False,7.584663897752762
5262,2023-03-21 13:00:00,11,2,경북 영덕 남정,0.5,6.282182216644287,False,0.0
5258,2023-03-21 14:00:00,11,3,경기 시흥 nan,0.02,10.560456275939941,False,81.31655123829842
5260,2023-03-21 14:00:00,11,3,강원 양구 방산,0.3,,False,0.0
5257,2023-03-21 15:00:00,14,1,강원 원주 소초,0.5,81.18079376220703,False,0.0
5256,2023-03-21 16:00:00,14,2,강원 고성 간성,0.01,,False,5.982028096914291
5255,2023-03-21 17:00:00,14,3,경기 여주 점동,0.02,73.48332977294922,False,0.6897380352020264
4341,2023-03-22 12:00:00,11,1,충남 태안 소원,0.2,8.66871452331543,False,9.056047707796097
4342,2023-03-22 12:00:00,11,1,경북 상주 공성,0.5,45.71100616455078,False,28.287164002656937
4343,2023-03-22 12:00:00,11,1,충북 단양 적성,1.0,33.7783088684082,False,0.0
4344,2023-03-22 12:00:00,11,1,강원 양구 국토정중앙,0.5,,False,0.0
4340,2023-03-22 14:00:00,11,3,전북 익산 여산,0.5,27.696746826171875,True,18.994231700897217
4339,2023-03-22 15:00:00,14,1,인천 옹진 북도,0.03,0.44720515608787537,False,9.056805312633514
4337,2023-03-22 17:00:00,14,3,강원 화천 간동,0.05,2.8352432250976562,True,33.33594369888306
4334,2023-03-24 12:00:00,11,1,경기 남양주 와부,0.03,7.812039852142334,False,0.6897380352020264
4333,2023-03-24 15:00:00,14,1,경기 고양 덕양,0.01,,False,3082.20324036479
4131,2023-03-25 13:00:00,11,2,경기 포천 nan,0.07,,False,2.4860921502113342
4130,2023-03-25 16:00:00,14,2,충남 보령 미산,0.04,2.0973949432373047,False,2.4140831232070923
4329,2023-03-26 14:00:00,11,3,강원 홍천 영귀미,1.2,18.11542320251465,False,8.134377479553223
4330,2023-03-26 14:00:00,11,3,경기 양주 백석,0.04,,False,235.52440786361694
4331,2023-03-26 14:00:00,11,3,인천 강화 화도,22.0,9.554293632507324,True,17.85232874751091
4129,2023-03-27 12:00:00,11,1,전북 진안 마령,1.0,39.98057174682617,False,8.877922713756561
4128,2023-03-27 13:00:00,11,2,충남 금산 추부,0.03,41.472591400146484,False,7.4710995852947235
4127,2023-03-27 14:00:00,11,3,강원 철원 서,0.5,,False,7.982538253068924
5189,2023-03-28 14:00:00,11,3,경남 합천 용주,0.01,50.972023010253906,False,4.487133979797363
5190,2023-03-28 14:00:00,11,3,경기 의왕 nan,0.02,5.084918022155762,False,869.6851608157158
5191,2023-03-28 14:00:00,11,3,강원 철원 갈말,0.01,,False,6.25870606303215
5187,2023-03-28 15:00:00,14,1,충북 옥천 동이,0.1,22.105209350585938,True,18.701801538467407
5188,2023-03-28 15:00:00,14,1,충남 보령 남포,0.04,70.62657165527344,False,13.542737871408463
5186,2023-03-28 16:00:00,14,2,충남 당진 송산,0.3,56.42599868774414,False,21.620120406150818
5020,2023-03-29 13:00:00,11,2,경남 거제 하청,0.5,77.43661499023438,False,29.42298087477684
5018,2023-03-29 14:00:00,11,3,경기 여주 흥천,0.72,24.03373146057129,True,15.188713610172272
5019,2023-03-29 14:00:00,11,3,충남 아산 둔포,0.01,86.50543212890625,False,855.8261969089508
5017,2023-03-29 16:00:00,14,2,강원 평창 진부,0.3,2.059124231338501,True,405.6749697327614
5182,2023-03-30 12:00:00,11,1,강원 화천 화천,68.0,9.299217224121094,False,749.9757334589958
5183,2023-03-30 12:00:00,11,1,강원 강릉 연곡,0.4,30.394603729248047,True,12.769456952810287
5179,2023-03-30 13:00:00,11,2,경남 거창 웅양,0.05,23.944923400878906,False,0.0
5180,2023-03-30 13:00:00,11,2,인천 서 nan,0.33,72.16490173339844,False,130.02239924669266
5181,2023-03-30 13:00:00,11,2,충북 제천 봉양,21.0,70.65913391113281,False,2.4860921502113342
5176,2023-03-30 14:00:00,11,3,경기 연천 연천,0.3,,False,288.2027533054352
5177,2023-03-30 14:00:00,11,3,강원 평창 진부,0.02,2.8129143714904785,True,405.6749697327614
5178,2023-03-30 14:00:00,11,3,경기 포천 영북,29.0,,False,1.1208243072032928
5175,2023-03-30 15:00:00,14,1,경기 화성 매송,0.11,59.41255569458008,False,8.134377479553223
5174,2023-03-30 16:00:00,14,2,강원 횡성 청일,0.7,43.67996597290039,False,8.871185660362244
5074,2023-03-31 12:00:00,11,1,전남 순천 황전,0.5,53.369590759277344,False,16.697709292173386
5075,2023-03-31 12:00:00,11,1,경북 경주 강동,0.27,18.032270431518555,False,45.850196808576584
5073,2023-03-31 13:00:00,11,2,경기 용인 처인 양지,0.16,68.781005859375,True,25.44736537337303
5071,2023-03-31 14:00:00,11,3,강원 원주 nan,1.0,33.915626525878906,True,827.2292950153351
5072,2023-03-31 14:00:00,11,3,경북 경주 안강,0.22,42.74517822265625,False,0.9282021224498749
5069,2023-03-31 15:00:00,14,1,강원 홍천 두촌,0.8,98.3154067993164,False,0.0
5070,2023-03-31 15:00:00,14,1,경남 함양 안의,0.1,50.79765701293945,True,19.241796761751175
5068,2023-03-31 16:00:00,14,2,경기 광주 남한산성,0.01,72.470703125,True,58.0098711848259
4181,2023-04-01 12:00:00,11,1,경기 화성 양감,0.33,41.59493637084961,True,75.19917216897011
4180,2023-04-01 13:00:00,11,2,강원 춘천 사북,0.26,24.91847038269043,False,1.3592883944511414
4179,2023-04-01 16:00:00,14,2,전남 해남 옥천,0.3,25.534088134765625,False,9.757832497358322
4177,2023-04-01 17:00:00,14,3,충남 서천 기산,0.1,30.68276596069336,True,13.80221027135849
4178,2023-04-01 17:00:00,14,3,경기 광주 곤지암,0.06,72.52015686035156,False,2.9111989736557007
4159,2023-04-02 12:00:00,11,1,충남 금산 복수,889.36,59.382484436035156,True,27.5582332611084
4160,2023-04-02 12:00:00,11,1,충북 제천 청풍,0.2,7.766188144683838,False,0.0
4161,2023-04-02 12:00:00,11,1,경기 양평 옥천,1.5,29.340330123901367,True,48.58032155036926
4157,2023-04-02 13:00:00,11,2,충남 보령 청라,70.0,54.364654541015625,False,43.127728283405304
4158,2023-04-02 13:00:00,11,2,충남 서산 성연,4.0,12.137258529663086,False,129.84622848033905
4125,2023-04-02 14:00:00,11,3,경기 연천 백학,1.0,,False,0.0
4126,2023-04-02 14:00:00,11,3,경북 성주 용암,0.5,27.224830627441406,False,1.1546194553375244
4155,2023-04-02 14:00:00,11,3,전북 김제 금구,0.05,59.53231430053711,False,51.34246888756752
4156,2023-04-02 14:00:00,11,3,경기 시흥 nan,0.03,2.04787015914917,True,1687.57651668787
4119,2023-04-02 15:00:00,14,1,충남 홍성 금마,0.16,9.070399284362793,False,28.01039817929268
4120,2023-04-02 15:00:00,14,1,전남 강진 대구,0.1,2.4870622158050537,False,0.0
4121,2023-04-02 15:00:00,14,1,전북 고창 상하,4.0,42.948333740234375,False,21.071055054664612
4122,2023-04-02 15:00:00,14,1,강원 철원 동송,0.7,,False,3.971215546131134
4123,2023-04-02 15:00:00,14,1,충남 부여 세도,15.0,4.715901851654053,False,7.605947703123093
4124,2023-04-02 15:00:00,14,1,강원 원주 지정,1.0,27.910215377807617,True,15.726141780614853
4117,2023-04-02 16:00:00,14,2,전남 고흥 금산,2.0,8.988067626953125,False,0.0
4118,2023-04-02 16:00:00,14,2,전북 정읍 산외,1.5,32.85386657714844,False,6.755821913480759
4116,2023-04-02 17:00:00,14,3,경남 함양 안의,0.02,28.21013832092285,True,19.241796761751175
4110,2023-04-03 12:00:00,11,1,전남 함평 대동,475.0,4.226187705993652,False,0.0
4111,2023-04-03 12:00:00,11,1,경기 남양주 와부,27.0,16.09747314453125,False,5.484912246465683
4107,2023-04-03 13:00:00,11,2,충남 아산 선장,0.07,15.471964836120605,False,31.28379586338997
4108,2023-04-03 13:00:00,11,2,강원 영월 김삿갓,0.5,35.27971267700195,False,1.847391128540039
4109,2023-04-03 13:00:00,11,2,전남 순천 송광,190.0,20.67998504638672,False,1.9829968512058258
4104,2023-04-03 14:00:00,11,3,경기 용인 처인 양지,0.66,25.83080291748047,False,8.051574677228928
4105,2023-04-03 14:00:00,11,3,경북 영주 평은,210.0,57.00595474243164,False,2.4860921502113342
4106,2023-04-03 14:00:00,11,3,경기 광주 초월,0.8,22.560251235961914,True,39.77703058719635
4103,2023-04-03 17:00:00,14,3,충남 금산 남이,2.5,42.9290885925293,True,15.266411870718002
4185,2023-04-04 14:00:00,11,3,전남 함평 손불,0.5,16.878822326660156,False,1.1208243072032928
4184,2023-04-04 15:00:00,14,1,충남 서천 비인,0.22,9.00036334991455,False,5.462870836257935
3985,2023-04-09 12:00:00,11,1,경기 연천 신서,0.01,,False,1.847391128540039
3984,2023-04-09 14:00:00,11,3,강원 평창 미탄,0.5,41.13154602050781,False,0.0
3983,2023-04-09 17:00:00,14,3,울산 동 nan,0.01,40.83830261230469,True,269.3893388211727
4101,2023-04-10 14:00:00,11,3,경기 화성 향남,0.13,55.76679229736328,False,85.77509915828705
4192,2023-04-11 16:00:00,14,2,경북 경주 외동,0.04,15.863829612731934,True,11.918147176504135
4439,2023-04-12 12:00:00,11,1,경기 과천 nan,0.01,1.4881445169448853,False,1598.0678956508636
4204,2023-04-12 13:00:00,11,2,전남 장흥 안양,0.1,91.32588195800781,True,36.55008363723755
4205,2023-04-12 13:00:00,11,2,전남 장성 북하,0.1,20.617231369018555,False,5.742335766553879
4203,2023-04-12 16:00:00,14,2,인천 옹진 백령,0.16,,False,0.0
3954,2023-04-13 13:00:00,11,2,울산 울주 두서,0.2,93.79373931884766,False,31.54149556159973
3955,2023-04-13 13:00:00,11,2,경남 함양 서하,0.03,80.94976806640625,True,12.774896711111069
3956,2023-04-13 13:00:00,11,2,경북 문경 호계,2.0,64.79256439208984,False,0.0
3953,2023-04-13 14:00:00,11,3,충북 제천 덕산,0.01,97.26910400390625,False,0.0
3950,2023-04-14 13:00:00,11,2,경남 함양 유림,0.04,33.25082015991211,False,2.5139078497886658
4100,2023-04-16 12:00:00,11,1,대구 달서 nan,0.01,,False,7117.688095718622
4099,2023-04-16 13:00:00,11,2,강원 정선 신동,0.01,8.882020950317383,True,24.90758067369461
3970,2023-04-20 14:00:00,11,3,경북 청송 주왕산,0.5,58.90621566772461,False,2.7065300345420837
3948,2023-04-22 15:00:00,14,1,경기 연천 군남,0.1,,False,1.3592883944511414
3947,2023-04-22 16:00:00,14,2,충남 부여 내산,0.33,48.053382873535156,False,27.728700816631317
3959,2023-04-22 17:00:00,14,3,전남 장흥 부산,0.01,3.4689714908599854,False,15.932170987129211
4199,2023-04-24 13:00:00,11,2,경남 진주 대곡,0.05,58.85615158081055,True,21.10994002223015
4198,2023-04-24 16:00:00,14,2,경남 양산 원동,0.06,71.82518005371094,False,2.844411790370941
4196,2023-04-27 14:00:00,11,3,충남 서산 대산,0.03,60.64426040649414,True,97.91971617937088
4195,2023-04-27 17:00:00,14,3,경기 시흥 nan,0.01,9.247446060180664,True,190.19749066233635
4096,2023-04-28 14:00:00,11,3,경기 여주 흥천,0.03,20.600608825683594,True,11.215692639350891
4095,2023-04-28 15:00:00,14,1,충북 청주 상당 미원,0.8,46.748348236083984,False,16.697709292173386
4398,2023-05-03 12:00:00,11,1,충남 부여 홍산,3.0,4.7543768882751465,True,15.501685470342636
4403,2023-05-03 12:00:00,11,1,강원 양구 국토정중앙,2.0,85.24388122558594,False,0.0
4397,2023-05-03 13:00:00,11,2,강원 영월 김삿갓,1.4,21.206382751464844,False,0.0
4396,2023-05-03 14:00:00,11,3,경기 연천 전곡,0.1,,False,3.760567158460617
4395,2023-05-03 16:00:00,14,2,강원 영월 한반도,0.2,1.513193964958191,True,91.9071826338768
3964,2023-05-04 15:00:00,14,1,강원 정선 화암,1.0,38.40682601928711,False,0.0
3965,2023-05-04 15:00:00,14,1,충북 영동 학산,0.02,24.864315032958984,False,7.0485765635967255
3981,2023-05-10 12:00:00,11,1,강원 화천 사내,0.1,0.464459627866745,False,6.778171062469482
3980,2023-05-10 16:00:00,14,2,경기 연천 전곡,0.01,,False,1.847391128540039
3978,2023-05-12 13:00:00,11,2,경남 합천 가야,0.01,19.017173767089844,False,9.878133863210678
3969,2023-05-16 13:00:00,11,2,세종 nan nan,0.13,0.7829756140708923,False,384.7236293256283
3967,2023-05-16 14:00:00,11,3,충남 청양 장평,0.03,52.56766891479492,False,1.585705727338791
4092,2023-05-17 16:00:00,14,2,세종 nan nan,0.02,17.32285499572754,False,384.7236293256283
4090,2023-05-23 13:00:00,11,2,경북 청도 이서,0.01,60.687042236328125,False,36.65110978484154
4089,2023-05-23 14:00:00,11,3,경기 고양 덕양,0.1,12.982087135314941,False,211.2426454424858
4087,2023-05-23 16:00:00,14,2,강원 횡성 서원,0.8,1.315233826637268,False,9.86541736125946
4088,2023-05-23 16:00:00,14,2,경기 의정부 nan,0.02,38.81022262573242,False,0.0
3975,2023-05-25 12:00:00,11,1,전북 장수 장계,0.05,47.90167999267578,True,20.497195690870285
3974,2023-05-25 14:00:00,11,3,경기 포천 영중,0.03,2.180081844329834,True,11.61809104681015
4191,2023-05-26 15:00:00,14,1,강원 원주 소초,0.05,1.1152913570404053,False,8.043101280927658
3972,2023-05-27 12:00:00,11,1,강원 정선 정선,0.04,0.07187670469284058,False,333.2257869541645
3962,2023-06-03 16:00:00,14,2,경기 포천 이동,0.01,1.4304287433624268,False,108.70481595396996
3961,2023-06-12 15:00:00,14,1,충남 논산 양촌,0.02,7.139366626739502,False,115.24014580249786
3960,2023-06-13 12:00:00,11,1,충남 천안 동남 병천,0.06,4.109889030456543,True,15.535260736942291
4413,2023-06-14 13:00:00,11,2,경남 하동 화개,0.03,13.10913372039795,False,6.465868949890137
4412,2023-06-15 16:00:00,14,2,전북 남원 산동,0.05,18.62788200378418,False,0.0
4411,2023-06-18 12:00:00,11,1,강원 양양 현남,0.05,22.200206756591797,False,9.500873565673828
4410,2023-06-18 16:00:00,14,2,경남 함안 군북,0.05,38.52659225463867,False,7.725332617759705
4406,2023-06-19 13:00:00,11,2,전북 장수 계북,0.05,28.124500274658203,False,51.64009007811546
4404,2023-06-19 14:00:00,11,3,강원 춘천 남산,0.06,62.3973274230957,False,2.844411790370941
4405,2023-06-19 14:00:00,11,3,충북 보은 내북,0.1,31.4316463470459,True,12.08657056093216
4189,2023-06-20 15:00:00,14,1,서울 관악 nan,0.01,20.817533493041992,True,70.43178677558899
5036,2024-02-03 13:00:00,11,2,경기 이천 호법,0.01,26.374088287353516,False,31.044379711151123
5035,2024-02-04 13:00:00,11,2,경기 가평 청평,0.07,18.37442970275879,True,20.790673673152924
5034,2024-02-09 14:00:00,11,3,경기 용인 처인 원삼,0.06,9.420980453491211,True,19.436668187379837
5254,2024-02-12 12:00:00,11,1,경기 가평 청평,0.13,85.80416870117188,False,1166.6415989398956
5252,2024-02-12 13:00:00,11,2,경남 진주 수곡,0.3,20.83942413330078,True,24.536053776741028
5253,2024-02-12 13:00:00,11,2,전남 나주 다도,0.2,64.78390502929688,False,3.43309685587883
5033,2024-02-13 14:00:00,11,3,충북 청주 상당 남일,0.03,15.789148330688477,True,74.51231154799461
5032,2024-02-13 15:00:00,14,1,경기 화성 매송,0.13,47.08637237548828,True,16.8797764480114
5221,2024-02-14 17:00:00,14,3,경기 남양주 진접,3.0,15.422090530395508,False,893.3037767410278
5031,2024-02-17 17:00:00,14,3,경북 의성 다인,0.01,52.10507583618164,False,6.5083447098731995
5030,2024-03-01 14:00:00,11,3,대구 수성 nan,0.01,56.562416076660156,False,567.4416697621346
5028,2024-03-03 17:00:00,14,3,충북 청주 상당 낭성,0.25,72.40612030029297,True,12.237945199012756
5027,2024-03-04 13:00:00,11,2,충남 금산 제원,0.05,33.270835876464844,False,0.0
5171,2024-03-09 12:00:00,11,1,충북 음성 삼성,0.4,42.619468688964844,False,28.939039438962936
5172,2024-03-09 12:00:00,11,1,충남 서천 마산,0.07,31.215730667114258,False,9.95045468211174
5173,2024-03-09 12:00:00,11,1,경기 화성 매송,0.1,9.616069793701172,False,508.3746678829193
5169,2024-03-09 13:00:00,11,2,경기 양평 양평,0.5,9.958325386047363,False,2198.218447625637
5170,2024-03-09 13:00:00,11,2,경남 사천 용현,0.01,14.79640007019043,True,11.49794653058052
5167,2024-03-10 14:00:00,11,3,충남 공주 정안,0.17,32.574424743652344,False,0.0
5168,2024-03-10 14:00:00,11,3,경기 파주 적성,0.01,,False,0.0
5165,2024-03-10 15:00:00,14,1,경기 안산 단원,0.03,3.9184131622314453,True,35.05145940184593
5166,2024-03-10 15:00:00,14,1,충북 옥천 동이,0.5,11.165058135986328,True,26.392648458480835
5250,2024-03-13 13:00:00,11,2,경남 산청 삼장,0.02,26.66376304626465,True,12.55820780992508
5251,2024-03-13 13:00:00,11,2,경기 화성 nan,0.2,21.657024383544922,False,1135.0967611670494
5023,2024-03-14 13:00:00,11,2,세종 금남 nan,0.06,25.99833869934082,False,0.0
3893,2024-03-15 13:00:00,11,2,경북 영덕 병곡,3.5,4.306465148925781,True,17.33641031384468
3892,2024-03-15 14:00:00,11,3,경기 평택 nan,0.05,73.74246215820312,True,11.45415672659874
3890,2024-03-15 15:00:00,14,1,전북 장수 장계,0.02,65.98363494873047,False,3.971215546131134
3891,2024-03-15 15:00:00,14,1,강원 정선 정선,0.2,11.65852165222168,False,333.2257869541645
3889,2024-03-16 12:00:00,11,1,경남 산청 단성,0.03,18.48509979248047,False,0.0
3888,2024-03-16 14:00:00,11,3,전북 임실 청웅,2.0,72.69205474853516,False,103.72803169488907
3887,2024-03-16 15:00:00,14,1,경기 파주 파평,0.07,,False,66.08206862211227
3884,2024-03-17 13:00:00,11,2,전남 순천 별량,2.5,9.416937828063965,True,13.606246709823608
3883,2024-03-17 14:00:00,11,3,전북 군산 옥도,0.15,,False,29.335887372493744
3882,2024-03-17 15:00:00,14,1,경기 포천 영중,0.5,74.09123992919922,True,12.742105841636658
3878,2024-03-18 14:00:00,11,3,경남 거창 웅양,0.1,6.048027992248535,False,0.0
3879,2024-03-18 14:00:00,11,3,전북 순창 인계,0.15,91.48046112060547,False,6.463839590549469
3876,2024-03-18 15:00:00,14,1,경기 광주 초월,2.0,68.80433654785156,False,1.847391128540039
3877,2024-03-18 15:00:00,14,1,경기 양평 양동,0.39,61.613460540771484,False,8.487079679965973
3875,2024-03-18 16:00:00,14,2,인천 서 nan,0.08,71.79220581054688,True,39.16441696882248
3874,2024-03-19 14:00:00,11,3,경기 성남 수정,0.05,18.913061141967773,True,666.9947720170021
3873,2024-03-19 16:00:00,14,2,경기 화성 양감,0.05,70.56346130371094,False,47.69142818450928
3872,2024-03-19 17:00:00,14,3,전북 남원 산내,0.05,22.969629287719727,False,0.0
3864,2024-03-20 13:00:00,11,2,전북 완주 구이,0.4,60.26001739501953,False,24.61343365907669
3865,2024-03-20 13:00:00,11,2,전북 전주 덕진,0.2,83.05035400390625,True,11.083633482456207
3866,2024-03-20 13:00:00,11,2,광주 동 nan,1.15,6.337857723236084,False,1966.9238560795784
3863,2024-03-20 14:00:00,11,3,전북 순창 적성,0.2,42.404945373535156,False,2.9171784222126007
3861,2024-03-20 16:00:00,14,2,대전 동 nan,0.82,97.28902435302734,False,9.63966977596283
3862,2024-03-20 16:00:00,14,2,전남 해남 해남,2.0,45.25178146362305,False,1558.6157165169716
3944,2024-03-21 14:00:00,11,3,경남 거제 거제,0.02,0.6580733060836792,False,2214.575823098421
5247,2024-03-22 12:00:00,11,1,충북 보은 속리산,0.8,58.26057815551758,False,6.3598891496658325
5245,2024-03-22 13:00:00,11,2,충남 당진 석문,0.6,3.9307048320770264,True,37.9611853659153
5246,2024-03-22 13:00:00,11,2,전북 무주 부남,1.0,54.45106506347656,False,4.138428211212158
5244,2024-03-22 14:00:00,11,3,충남 청양 대치,0.03,62.630088806152344,False,1.847391128540039
5243,2024-03-22 15:00:00,14,1,경남 합천 율곡,1.5,26.700469970703125,False,0.4310862720012665
3942,2024-03-23 12:00:00,11,1,충남 금산 남일,0.03,11.875683784484863,False,9.33682468533516
3941,2024-03-23 13:00:00,11,2,충남 천안 동남 동,0.01,73.02275848388672,False,173.93053504824638
3940,2024-03-23 14:00:00,11,3,경기 가평 북,0.03,92.09264373779297,False,0.0
3937,2024-03-24 12:00:00,11,1,경기 화성 장안,0.3,10.835234642028809,False,132.64573055505753
3938,2024-03-24 12:00:00,11,1,충남 천안 동남 목천,0.1,0.45331549644470215,True,286.71718868613243
3936,2024-03-24 14:00:00,11,3,경기 연천 군남,0.2,,False,6.847391128540039
5042,2024-03-29 13:00:00,11,2,경북 울진 북,0.27,4.559607982635498,False,5.462870836257935
3935,2024-04-01 13:00:00,11,2,경기 남양주 진접,0.6,2.681957483291626,True,53.76650306582451
5044,2024-04-01 13:00:00,11,2,강원 삼척 도계,0.1,8.032194137573242,False,2.174861431121826
3934,2024-04-01 14:00:00,11,3,경기 광주 초월,1.2,9.83983325958252,True,87.33154252171516
3933,2024-04-01 16:00:00,14,2,경북 예천 지보,0.15,42.26255416870117,False,9.393083542585373
5463,2024-04-02 12:00:00,11,1,경기 용인 수지,0.3,7.518210411071777,True,170.33123248815536
5464,2024-04-02 12:00:00,11,1,충북 청주 상당 문의,0.36,40.65460205078125,False,0.0
5462,2024-04-02 13:00:00,11,2,경기 포천 일동,2.0,8.213093757629395,True,13.28878578543663
5461,2024-04-02 15:00:00,14,1,강원 홍천 서,1.5,30.16815948486328,False,7.171915620565414
5460,2024-04-04 12:00:00,11,1,경기 포천 nan,0.01,,False,482.56877955794334
5066,2024-04-04 17:00:00,14,3,경기 남양주 진접,0.28,4.446053504943848,False,1113.4010501801968
5057,2024-04-07 12:00:00,11,1,경북 상주 화남,0.01,49.52565002441406,True,14.169392138719559
5058,2024-04-07 12:00:00,11,1,강원 횡성 횡성,0.05,0.6619789004325867,False,1478.3682052195072
5056,2024-04-07 13:00:00,11,2,대구 동 nan,0.01,0.056702837347984314,False,56.5729455947876
5053,2024-04-07 14:00:00,11,3,경기 남양주 와부,0.08,2.0434417724609375,False,6.485881000757217
5054,2024-04-07 14:00:00,11,3,인천 서 nan,0.08,1.0495374202728271,False,6.642722189426422
5055,2024-04-07 14:00:00,11,3,강원 양양 강현,0.03,,False,41.44159707427025
5052,2024-04-07 15:00:00,14,1,경기 가평 북,0.05,12.600868225097656,False,24.431297421455383
5050,2024-04-08 12:00:00,11,1,경기 고양 덕양,0.01,,False,213.97386473417282
5048,2024-04-08 17:00:00,14,3,경기 안산 단원,0.01,3.856862783432007,True,1837.7813607752323
3903,2024-04-09 15:00:00,14,1,경기 과천 nan,0.01,29.221487045288086,False,291.37706020474434
3902,2024-04-09 16:00:00,14,2,경기 광주 nan,0.04,5.070356845855713,True,1026.0482243299484
3917,2024-04-12 12:00:00,11,1,강원 횡성 우천,0.1,17.649024963378906,True,28.612709522247314
3918,2024-04-12 12:00:00,11,1,경북 경주 산내,0.05,61.75366973876953,False,2.2784774005413055
3919,2024-04-12 12:00:00,11,1,전북 무주 적상,0.1,72.96906280517578,False,0.0
3916,2024-04-12 13:00:00,11,2,강원 양구 국토정중앙,2.0,,False,4.031265676021576
3914,2024-04-12 14:00:00,11,3,강원 삼척 하장,0.06,10.738500595092773,False,0.0
3915,2024-04-12 14:00:00,11,3,충북 단양 영춘,0.06,64.84370422363281,False,37.967414289712906
3926,2024-04-13 12:00:00,11,1,충남 공주 사곡,0.03,6.085926055908203,True,16.320448994636536
3924,2024-04-13 13:00:00,11,2,충남 공주 사곡,0.03,20.46758460998535,False,1.847391128540039
3925,2024-04-13 13:00:00,11,2,경북 청송 현서,0.01,47.31129455566406,False,7.6840240359306335
3923,2024-04-13 14:00:00,11,3,전북 무주 설천,0.1,13.367158889770508,False,1.6179401576519012
3922,2024-04-13 15:00:00,14,1,경기 파주 광탄,0.83,,False,47.15794134140015
3921,2024-04-13 16:00:00,14,2,강원 횡성 우천,1.0,57.87995529174805,False,31.001138418912888
3859,2024-04-14 12:00:00,11,1,전남 곡성 겸,0.2,32.476593017578125,True,23.463214069604874
3858,2024-04-14 14:00:00,11,3,경기 포천 신북,0.1,,False,7.294246345758438
3857,2024-04-14 15:00:00,14,1,강원 홍천 내촌,0.4,28.50436019897461,False,14.135816872119904
3856,2024-04-14 16:00:00,14,2,충남 보령 nan,0.4,16.94023895263672,True,21.363345116376877
5047,2024-04-18 16:00:00,14,2,경기 화성 서신,0.13,97.6897964477539,True,38.0758270919323
5041,2024-04-19 13:00:00,11,2,강원 영월 무릉도원,0.2,69.52450561523438,False,1.1208243072032928
5476,2024-04-22 13:00:00,11,2,충북 충주 신니,0.01,22.78957176208496,False,4.5689137279987335
5475,2024-04-23 16:00:00,14,2,경기 성남 분당,0.01,2.248826503753662,False,2802.3703552484512
5471,2024-04-26 15:00:00,14,1,경북 봉화 봉화,0.01,0.01391468197107315,False,188.3013159930706
5467,2024-04-27 15:00:00,14,1,부산 해운대 nan,0.5,60.210968017578125,False,0.0
5474,2024-04-28 12:00:00,11,1,충남 태안 남,0.01,98.53815460205078,False,0.0
5473,2024-04-28 13:00:00,11,2,충남 당진 정미,0.05,95.97383880615234,True,38.5252560377121
5469,2024-05-02 16:00:00,14,2,충남 서천 판교,0.01,73.02471160888672,False,1.5519105792045593
3910,2024-05-24 13:00:00,11,2,전남 화순 사평,0.5,17.1989688873291,False,14.426658809185028
3909,2024-05-24 16:00:00,14,2,강원 삼척 원덕,0.02,47.28308868408203,False,7.618459045886993
3932,2024-06-01 15:00:00,14,1,경기 파주 탄현,0.99,,False,33.381030797958374
3913,2024-06-05 15:00:00,14,1,경기 광주 초월,0.03,8.10451889038086,True,39.77703058719635
3912,2024-06-07 15:00:00,14,1,경기 양평 단월,0.02,22.684385299682617,True,16.051692068576813
3911,2024-06-07 16:00:00,14,2,경기 가평 설악,0.01,54.27120590209961,False,293.8077584207058
3829,2024-06-09 12:00:00,11,1,인천 강화 삼산,0.05,,False,11.431916952133179
3895,2024-06-13 13:00:00,11,2,경북 김천 구성,0.8,64.24479675292969,False,4.90594956278801
3897,2024-06-14 12:00:00,11,1,충남 홍성 장곡,0.03,94.34517669677734,True,20.274667382240295
3898,2024-06-14 12:00:00,11,1,강원 태백 nan,3.85,0.48243603110313416,True,14.353202313184738
3908,2024-06-15 15:00:00,14,1,충남 서산 해미,0.2,65.3244400024414,False,2.7065300345420837
3853,2024-06-18 12:00:00,11,1,경기 용인 처인 이동,0.06,52.680206298828125,True,205.8831169605255
3852,2024-06-18 13:00:00,11,2,강원 평창 진부,0.17,58.95576477050781,False,2.5371291637420654
3850,2024-06-18 17:00:00,14,3,충남 서천 화양,0.01,70.45196533203125,False,5.95421239733696
3851,2024-06-18 17:00:00,14,3,광주 북 nan,3.0,13.405705451965332,True,41.6273467540741
3831,2024-06-20 13:00:00,11,2,충남 천안 동남 목천,0.15,39.51108932495117,False,101.81478053331375
3830,2024-06-20 14:00:00,11,3,강원 정선 남면,0.06,7.890055179595947,False,1.847391128540039
3946,2024-06-21 15:00:00,14,1,전북 남원 산내,0.33,64.09026336669922,False,3.0020105838775635
3904,2024-06-28 12:00:00,11,1,충남 공주 신풍,0.3,20.21808624267578,False,1.1546194553375244
5809,2025-02-03 13:00:00,11,2,경기 용인처인 이동,0.02,34.44618225097656,False,0.6897380352020264
5794,2025-02-04 12:00:00,11,1,강원 고성 토성,0.01,,False,0.0
5792,2025-02-08 12:00:00,11,1,강원 강릉 nan,0.02,5.904264450073242,False,25.129193156957626
5808,2025-02-09 13:00:00,11,2,경북 영천 고경,0.2,14.522327423095703,True,23.87863802909851
5807,2025-02-11 15:00:00,14,1,서울 구로 nan,1.0,23.792346954345703,True,721.2171587944031
5791,2025-02-13 15:00:00,14,1,강원 강릉 주문진,0.06,0.5320723056793213,True,15.579937428236008
5687,2025-02-14 14:00:00,11,3,충북 제천 송학,0.15,66.52091217041016,True,10.586674481630325
5806,2025-02-17 15:00:00,14,1,강원 홍천 서석,0.2,94.4646224975586,False,0.0
5788,2025-02-18 12:00:00,11,1,충남 아산 음봉,0.16,50.5139045715332,True,18.09141519665718
5787,2025-02-18 14:00:00,11,3,충북 충주 앙성,1.0,60.34852600097656,False,3.037033975124359
5785,2025-02-19 15:00:00,14,1,충남 공주 탄천,0.25,40.23583984375,True,12.011527866125107
5805,2025-02-20 14:00:00,11,3,경북 상주 화서,0.7,89.09703826904297,False,83.18608012795448
5804,2025-02-20 15:00:00,14,1,경남 하동 고전,9.4,22.016368865966797,False,2.4860921502113342
5776,2025-02-21 14:00:00,11,3,충북 제천 nan,0.1,84.22589874267578,False,0.0
5774,2025-02-21 15:00:00,14,1,강원 강릉 구정,0.2,16.659643173217773,True,15.076065748929977
5775,2025-02-21 15:00:00,14,1,경기 고양 일산동,0.16,,False,361.60087564587593
5422,2025-02-22 14:00:00,11,3,대전 동 nan,0.8,2.461742401123047,False,84.7120555639267
5420,2025-02-22 15:00:00,14,1,경기 포천 소흘,1.0,37.70578384399414,True,26.426428884267807
5421,2025-02-22 15:00:00,14,1,강원 춘천 신북,0.1,38.04735565185547,True,15.044299960136414
5748,2025-02-23 12:00:00,11,1,인천 강화 화도,0.6,62.364410400390625,False,35.24754020571709
5747,2025-02-23 13:00:00,11,2,경기 용인처인 nan,0.15,0.5245060324668884,False,3116.113898307085
5745,2025-02-23 14:00:00,11,3,경기 연천 중,1.0,,False,2.4133255183696747
5746,2025-02-23 14:00:00,11,3,경기 가평 가평,0.02,3.1838107109069824,False,1480.8058604002
5744,2025-02-23 17:00:00,14,3,부산 부산진 nan,0.1,19.33746910095215,False,0.0
5782,2025-02-24 12:00:00,11,1,경북 청송 현서,0.25,54.13712692260742,True,16.335441559553146
5781,2025-02-24 14:00:00,11,3,경북 안동 서후,0.7,3.180320978164673,False,4.69180291891098
5780,2025-02-24 16:00:00,14,2,충남 아산 음봉,0.01,41.963436126708984,True,35.755691826343536
5682,2025-02-25 14:00:00,11,3,대전 유성 nan,0.04,21.578563690185547,False,921.9895653128624
5683,2025-02-25 14:00:00,11,3,경기 안성 삼죽,0.23,72.92271423339844,False,40.70773947238922
5681,2025-02-25 16:00:00,14,2,경남 고성 영오,0.1,12.351391792297363,False,0.0
5769,2025-02-26 13:00:00,11,2,강원 양양 서,0.3,21.387882232666016,False,0.0
5770,2025-02-26 13:00:00,11,2,경기 포천 nan,0.1,,False,1652.570905059576
5766,2025-02-26 15:00:00,14,1,인천 중 nan,0.06,51.89134216308594,True,54.53078496456146
5767,2025-02-26 15:00:00,14,1,전남 고흥 금산,0.2,44.043617248535156,True,12.759728521108627
5768,2025-02-26 15:00:00,14,1,강원 철원 철원,0.7,,False,731.7461519539356
5764,2025-02-26 16:00:00,14,2,충북 진천 덕산,1.5,24.59102439880371,True,16.164672374725342
5765,2025-02-26 16:00:00,14,2,경기 광주 nan,2.0,33.879642486572266,True,635.0402600765228
5540,2025-02-27 13:00:00,11,2,경북 울진 울진,4.5,1.3255327939987183,False,1154.1423901319504
5538,2025-02-27 14:00:00,11,3,경기 양평 청운,0.1,64.12711334228516,True,54.303981482982635
5539,2025-02-27 14:00:00,11,3,경기 안성 원곡,0.47,17.965007781982422,True,35.845238387584686
5535,2025-02-27 15:00:00,14,1,충북 영동 추풍령,0.3,60.170291900634766,True,19.0141558945179
5536,2025-02-27 15:00:00,14,1,전남 무안 일로,0.3,75.02993774414062,False,9.236399203538895
5537,2025-02-27 15:00:00,14,1,강원 강릉 성산,0.08,16.129146575927734,False,0.0
5534,2025-02-27 17:00:00,14,3,부산 금정 nan,0.01,1.683695912361145,False,3591.8561650514603
5801,2025-02-28 13:00:00,11,2,경북 봉화 명호,0.3,29.87557601928711,False,3.9777474403381348
5799,2025-02-28 14:00:00,11,3,강원 횡성 공근,0.18,86.52027130126953,True,15.558858782052994
5800,2025-02-28 14:00:00,11,3,충남 당진 정미,0.03,38.53658676147461,True,18.0059794485569
5798,2025-02-28 15:00:00,14,1,경기 안성 삼죽,0.41,57.80048370361328,False,0.9282021224498749
5796,2025-03-01 13:00:00,11,2,경기 양평 강상,0.05,34.5473518371582,True,34.43087238073349
5795,2025-03-01 14:00:00,11,3,경기 양평 강하,0.05,29.973358154296875,False,1.1546194553375244
5740,2025-03-08 14:00:00,11,3,충남 예산 대술,0.1,21.99666976928711,True,13.53648692369461
5739,2025-03-08 15:00:00,14,1,충남 공주 우성,0.1,11.138611793518066,True,24.712907016277313
5678,2025-03-09 15:00:00,14,1,강원 춘천 남,1.2,38.72270202636719,False,1.1546194553375244
5677,2025-03-09 16:00:00,14,2,충북 옥천 청성,0.6,30.151241302490234,False,3.332514524459839
5736,2025-03-10 13:00:00,11,2,충남 공주 우성,0.06,27.82274627685547,True,24.712907016277313
5735,2025-03-10 14:00:00,11,3,충남 홍성 홍성,0.78,78.98188018798828,False,41.1201987862587
5672,2025-03-11 15:00:00,14,1,충남 공주 우성,0.3,51.841915130615234,False,3.965236097574234
5673,2025-03-11 15:00:00,14,1,충남 아산 인주,0.15,55.22708511352539,False,10.104551196098328
5674,2025-03-11 15:00:00,14,1,경남 양산 상북,1.8,40.32665252685547,True,21.425915986299515
5669,2025-03-12 12:00:00,11,1,경남 합천 봉산,0.1,11.90297794342041,False,9.805367231369019
5667,2025-03-13 12:00:00,11,1,경남 사천 nan,0.3,6.1669158935546875,False,3.971215546131134
5668,2025-03-13 12:00:00,11,1,전남 여수 화양,0.2,42.288726806640625,True,27.255231320858
5666,2025-03-13 13:00:00,11,2,부산 사하 nan,0.08,2.263507127761841,True,1350.9165514707565
5665,2025-03-13 14:00:00,11,3,강원 평창 평창,6.0,51.76476287841797,True,203.50870868563652
5663,2025-03-13 15:00:00,14,1,경북 고령 다산,0.48,34.13401794433594,False,3.760567158460617
5664,2025-03-13 15:00:00,14,1,경북 경주 내남,0.09,37.485862731933594,False,39.14991843700409
5657,2025-03-14 12:00:00,11,1,경기 파주 법원,1.3,,False,60.70132690668106
5658,2025-03-14 12:00:00,11,1,경기 남양주 nan,0.06,55.49237060546875,True,1522.3508089482784
5656,2025-03-14 13:00:00,11,2,전남 함평 학교,0.15,27.77077865600586,False,6.000987529754639
5652,2025-03-14 14:00:00,11,3,충남 태안 안면,0.39,87.31722259521484,False,17.191996663808823
5653,2025-03-14 14:00:00,11,3,충남 아산 음봉,0.2,58.66627502441406,False,42.55565145611763
5654,2025-03-14 14:00:00,11,3,부산 강서 nan,2.0,10.108948707580566,False,346.95450097322464
5655,2025-03-14 14:00:00,11,3,전남 보성 보성,0.1,7.098452568054199,False,640.5920456051826
5651,2025-03-14 16:00:00,14,2,경남 창원마산합포 진전,0.1,16.671539306640625,False,2.4860921502113342
5650,2025-03-14 17:00:00,14,3,경기 안산 상록,0.01,11.588373184204102,False,4551.443318217993
5731,2025-03-15 13:00:00,11,2,경기 연천 미산,0.1,,False,19.777551531791687
5728,2025-03-17 13:00:00,11,2,충남 예산 덕산,0.03,22.1481990814209,True,11.68057405948639
5727,2025-03-17 14:00:00,11,3,충남 태안 이원,2.8,9.846346855163574,False,8.23543044924736
5726,2025-03-17 15:00:00,14,1,경기 양평 개군,0.16,10.648634910583496,True,32.22526016831398
5725,2025-03-17 16:00:00,14,2,전남 장성 장성,0.3,0.041262127459049225,False,911.2873846888542
5724,2025-03-17 17:00:00,14,3,전남 화순 백아,0.01,19.037416458129883,True,26.784137725830078
5722,2025-03-19 16:00:00,14,2,충남 태안 안면,0.35,17.724679946899414,True,29.402250349521637
5646,2025-03-20 12:00:00,11,1,경기 화성 매송,0.03,18.8341121673584,True,16.8797764480114
5643,2025-03-20 14:00:00,11,3,전남 광양 옥곡,0.1,0.274078905582428,True,12.238966226577759
5645,2025-03-20 14:00:00,11,3,경남 사천 곤명,39.73,1.302353024482727,False,2.775593250989914
5642,2025-03-20 15:00:00,14,1,경기 용인처인 백암,0.07,51.43556594848633,False,51.31860998272896
5458,2025-03-21 14:00:00,11,3,경남 하동 옥종,0.9,30.050853729248047,False,0.0
5459,2025-03-21 14:00:00,11,3,강원 평창 용평,0.5,,False,8.238464087247849
5503,2025-03-21 14:00:00,11,3,대전 동 nan,0.04,33.20699691772461,False,84.7120555639267
5456,2025-03-21 15:00:00,14,1,경남 산청 시천,3397.0,37.23756790161133,True,21.475921869277954
5457,2025-03-21 15:00:00,14,1,전북 임실 임실,1.0,,False,240.8219354748726
5445,2025-03-21 16:00:00,14,2,전남 광양 진상,0.1,11.235595703125,False,0.0
5510,2025-03-22 12:00:00,11,1,전남 보성 웅치,0.1,30.68362808227539,False,9.92972731590271
5511,2025-03-22 12:00:00,11,1,전남 보성 노동,0.5,41.964473724365234,True,11.120154559612274
5512,2025-03-22 12:00:00,11,1,울산 울주 온양,931.0,5.652169227600098,True,42.00994634628296
5504,2025-03-22 13:00:00,11,2,경북 의성 금성,57.0,11.323511123657227,True,26.915329545736313
5505,2025-03-22 13:00:00,11,2,전북 진안 안천,7.0,10.851754188537598,False,2.0828215777873993
5506,2025-03-22 13:00:00,11,2,경기 여주 강천,7.6,49.771278381347656,False,1.1546194553375244
5507,2025-03-22 13:00:00,11,2,전남 진도 군내,0.01,83.754638671875,False,47.789175897836685
5508,2025-03-22 13:00:00,11,2,경기 광주 초월,0.16,88.73643493652344,True,35.657114803791046
5509,2025-03-22 13:00:00,11,2,경기 연천 백학,3.0,,False,5.589155703783035
5490,2025-03-22 14:00:00,11,3,경남 밀양 nan,0.09,16.844711303710938,False,1415.351713180542
5491,2025-03-22 14:00:00,11,3,강원 정선 신동,0.5,61.77474594116211,False,2.2784774005413055
5492,2025-03-22 14:00:00,11,3,전남 보성 문덕,0.1,17.735027313232422,False,7.153577625751495
5493,2025-03-22 14:00:00,11,3,전북 남원 대산,0.15,83.4285659790039,False,42.45304378867149
5494,2025-03-22 14:00:00,11,3,경기 동두천 nan,0.1,,False,1705.604820549488
5495,2025-03-22 14:00:00,11,3,경남 김해 한림,97.0,8.398457527160645,False,55.4682354927063
5488,2025-03-22 15:00:00,14,1,경북 경주 외동,0.3,1.3588321208953857,True,19.41856214404106
5489,2025-03-22 15:00:00,14,1,광주 북 nan,0.01,67.771484375,False,0.0
5486,2025-03-22 17:00:00,14,3,전북 남원 nan,1.0,29.157642364501953,False,1472.6055271327496
5487,2025-03-22 17:00:00,14,3,경북 안동 nan,0.5,12.542463302612305,False,863.8962530195713
5526,2025-03-23 12:00:00,11,1,경남 함양 유림,6.24,37.33790969848633,False,27.84626144170761
5524,2025-03-23 13:00:00,11,2,경북 경주 양남,2.1,5.1031813621521,False,0.0
5525,2025-03-23 13:00:00,11,2,경기 남양주 진접,0.45,45.942134857177734,True,149.31232744455338
5522,2025-03-23 14:00:00,11,3,경기 파주 nan,0.66,,False,48.56192806363106
5523,2025-03-23 14:00:00,11,3,경기 동두천 nan,0.4,,False,1405.3092283010483
5552,2025-03-24 12:00:00,11,1,전북 김제 금산,0.1,83.4455795288086,False,92.82856640219688
5553,2025-03-24 12:00:00,11,1,충북 청주서원 남이,0.11,42.96064376831055,True,59.05269908905029
5551,2025-03-24 14:00:00,11,3,전북 진안 주천,0.9,56.70072937011719,False,2.4860921502113342
5550,2025-03-24 15:00:00,14,1,대구 달성 화원,0.16,1.5262558460235596,False,2.4860921502113342
5442,2025-03-25 12:00:00,11,1,경남 창녕 대지,0.65,11.914084434509277,False,7.968215435743332
5441,2025-03-25 13:00:00,11,2,경남 통영 용남,0.07,87.84909057617188,True,387.9308606684208
5438,2025-03-25 14:00:00,11,3,충남 당진 순성,1.2,92.40355682373047,False,23.0
5439,2025-03-25 14:00:00,11,3,전북 고창 성내,6.3,44.738037109375,False,22.022585064172745
5440,2025-03-25 14:00:00,11,3,경기 시흥 nan,0.33,66.03756713867188,False,2631.248045027256
5437,2025-03-25 15:00:00,14,1,경기 화성 남양,0.23,62.48521423339844,False,1.5519105792045593
5561,2025-03-26 12:00:00,11,1,충남 부여 규암,0.03,94.64676666259766,False,14.443365782499313
5559,2025-03-26 13:00:00,11,2,경기 용인 기흥,0.01,61.65079879760742,False,2.4860921502113342
5560,2025-03-26 13:00:00,11,2,경기 양평 개군,0.1,80.11547088623047,True,12.547721773386002
5558,2025-03-26 14:00:00,11,3,경기 파주 조리,0.33,,False,35.63504183292389
5557,2025-03-26 15:00:00,14,1,전북 순창 쌍치,3.0,0.6985887885093689,False,61.15786689519882
5721,2025-03-27 16:00:00,14,2,대구 군위 소보,0.01,0.5187433362007141,False,0.0
5641,2025-03-29 13:00:00,11,2,경남 고성 개천,0.3,25.466760635375977,False,4.138428211212158
5638,2025-03-30 12:00:00,11,1,경남 고성 영오,0.55,19.644994735717773,False,1.1546194553375244
5637,2025-03-30 17:00:00,14,3,경기 고양 일산동,0.07,,False,415.0620304942131
5519,2025-03-31 13:00:00,11,2,경기 안성 공도,0.12,93.36946105957031,False,8.311230719089508
5520,2025-03-31 13:00:00,11,2,전남 해남 계곡,0.1,75.04713439941406,False,3.342285245656967
5516,2025-03-31 15:00:00,14,1,경기 파주 광탄,0.09,,False,400.45419016480446
5517,2025-03-31 15:00:00,14,1,충남 당진 고대,0.2,4.966583728790283,True,12.080810993909836
5518,2025-03-31 15:00:00,14,1,대구 남 nan,0.01,22.264774322509766,False,0.0
5392,2025-04-01 12:00:00,11,1,경기 화성 마도,0.2,75.11167907714844,False,100.37402546405792
5391,2025-04-01 13:00:00,11,2,경남 진주 명석,1.2,10.741612434387207,False,0.0
5390,2025-04-01 14:00:00,11,3,경남 거창 북상,9.77,13.323203086853027,False,7.537129163742065
5389,2025-04-01 15:00:00,14,1,전북 무주 적상,0.5,9.717340469360352,True,30.088375985622406
5387,2025-04-01 16:00:00,14,2,대구 군위 삼국유사,0.1,20.908491134643555,False,3.414294272661209
5388,2025-04-01 16:00:00,14,2,경기 화성 팔탄,0.02,39.155517578125,False,107.17939135432243
5700,2025-04-02 14:00:00,11,3,경남 함양 서하,0.3,67.99005126953125,False,0.0
5699,2025-04-02 15:00:00,14,1,부산 사상 nan,0.04,74.74564361572266,True,3126.9396022856236
5358,2025-04-03 14:00:00,11,3,강원 원주 소초,0.01,76.01667785644531,True,13.796299815177917
5356,2025-04-03 15:00:00,14,1,전남 화순 백아,0.3,37.389095306396484,False,6.463839590549469
5357,2025-04-03 15:00:00,14,1,경기 성남 분당,0.2,35.44462966918945,False,1232.6770148277283
5542,2025-04-04 13:00:00,11,2,경기 양주 백석,0.01,,False,0.0
5434,2025-04-04 14:00:00,11,3,경기 연천 청산,3.0,,False,10.227440387010574
5435,2025-04-04 14:00:00,11,3,전북 순창 쌍치,1.0,84.90660858154297,False,61.15786689519882
5426,2025-04-04 15:00:00,14,1,충북 영동 양산,0.33,45.042964935302734,False,2.4860921502113342
5368,2025-04-06 12:00:00,11,1,충북 청주상당 문의,1.5,54.806697845458984,True,17.56282764673233
5367,2025-04-06 13:00:00,11,2,울산 울주 온양,0.5,13.534323692321777,False,2.4860921502113342
5366,2025-04-06 14:00:00,11,3,전남 순천 상사,0.35,2.611443519592285,True,14.211617141962051
5365,2025-04-06 15:00:00,14,1,대구 북 nan,0.12,0.20359039306640625,True,1327.2470439970493
5364,2025-04-06 17:00:00,14,3,강원 영월 남,0.02,50.20157241821289,False,0.0
5696,2025-04-07 12:00:00,11,1,경남 하동 옥종,70.0,19.437015533447266,False,3.4681202471256256
5694,2025-04-07 13:00:00,11,2,강원 강릉 성산,0.01,78.95821380615234,False,0.0
5695,2025-04-07 13:00:00,11,2,경기 용인처인 남사,2.0,64.81356811523438,False,32.39439758658409
5693,2025-04-07 14:00:00,11,3,전남 무안 해제,0.3,66.35771179199219,True,28.838668942451477
5352,2025-04-08 12:00:00,11,1,경북 경주 외동,0.3,1.6624504327774048,False,784.176837772131
5350,2025-04-08 14:00:00,11,3,경남 산청 시천,0.47,49.0432243347168,False,0.0
5348,2025-04-08 15:00:00,14,1,경북 구미 도개,8.7,36.01940155029297,False,1.847391128540039
5349,2025-04-08 15:00:00,14,1,충북 영동 영동,1.8,6.616000175476074,False,2221.5408229529858
5347,2025-04-08 17:00:00,14,3,경기 가평 조종,0.04,94.01657104492188,False,6.7625777423381805
5425,2025-04-09 14:00:00,11,3,경북 성주 수륜,0.3,42.42776107788086,False,2.844411790370941
5386,2025-04-10 14:00:00,11,3,대구 군위 의흥,0.07,6.706942558288574,True,16.8280066549778
5423,2025-04-11 12:00:00,11,1,충남 천안서북 성환,0.01,56.38663101196289,False,47.25014615058899
5418,2025-04-11 14:00:00,11,3,충남 서천 판교,0.28,92.06520080566406,True,16.12479317188263
5417,2025-04-11 17:00:00,14,3,강원 홍천 내촌,0.04,50.45779800415039,True,11.463839590549469
5413,2025-04-12 13:00:00,11,2,서울 관악 nan,0.01,68.01372528076172,False,0.0
5393,2025-04-16 14:00:00,11,3,경남 하동 금성,0.01,26.476760864257812,False,33.1117924451828
5385,2025-04-17 13:00:00,11,2,경북 경주 안강,1.3,7.507966995239258,False,9.311038345098495
5718,2025-04-25 12:00:00,11,1,강원 원주 지정,0.23,8.248334884643555,False,1.9162096679210663
5717,2025-04-25 13:00:00,11,2,경북 김천 봉산,0.02,33.22146224975586,True,14.612525165081024
5716,2025-04-25 16:00:00,14,2,강원 홍천 남,0.4,18.53288459777832,True,10.09183469414711
5382,2025-04-26 13:00:00,11,2,강원 인제 상남,73.0,95.01293182373047,False,0.0
5380,2025-04-26 14:00:00,11,3,경북 영주 단산,0.48,40.30720138549805,False,9.409434467554092
5381,2025-04-26 14:00:00,11,3,경남 김해 상동,0.03,14.059966087341309,True,30.850767344236374
5379,2025-04-26 15:00:00,14,1,경북 경주 강동,0.2,1.9691994190216064,True,13.393585681915283
5345,2025-04-27 12:00:00,11,1,강원 홍천 두촌,0.2,88.61424255371094,False,0.0
5344,2025-04-27 13:00:00,11,2,전북 남원 산동,0.09,28.31159782409668,False,1.9829968512058258
5343,2025-04-27 15:00:00,14,1,전남 무안 현경,0.05,,False,31.19394424557686
5341,2025-04-27 16:00:00,14,2,경북 성주 선남,0.01,30.80647087097168,True,17.083441108465195
5342,2025-04-27 16:00:00,14,2,울산 울주 청량,0.02,20.81169891357422,False,0.0
5340,2025-04-27 17:00:00,14,3,경기 연천 신서,0.02,,False,0.0
5363,2025-04-28 14:00:00,11,3,대구 북 nan,310.0,1.8552721738815308,True,177.19436439871788
5362,2025-04-28 16:00:00,14,2,경기 평택 진위,0.08,48.59199142456055,False,758.4296132028103
5361,2025-04-28 17:00:00,14,3,충남 금산 군북,0.11,56.994998931884766,False,9.896936446428299
5715,2025-04-29 16:00:00,14,2,경북 고령 운수,0.1,64.34558868408203,False,7.001799434423447
5712,2025-04-30 12:00:00,11,1,전남 곡성 죽곡,0.09,26.894611358642578,False,7.155606985092163
5709,2025-04-30 17:00:00,14,3,강원 춘천 동내,0.02,68.60218048095703,True,12.2104372382164
5373,2025-06-04 13:00:00,11,2,경기 고양 일산동,0.15,,False,8901.276996254921
5371,2025-06-04 17:00:00,14,3,전북 김제 금산,0.1,41.94131088256836,False,29.326628923416138
5372,2025-06-04 17:00:00,14,3,경남 하동 금남,0.02,39.283878326416016,True,13.983525782823563
5574,2025-06-05 13:00:00,11,2,전북 진안 백운,0.1,29.614898681640625,False,2.639742851257324
5375,2025-06-06 15:00:00,14,1,경기 포천 소흘,0.18,21.777809143066406,True,26.396465301513672
5374,2025-06-06 17:00:00,14,3,경기 남양주 수동,0.06,15.876921653747559,False,0.0
5572,2025-06-07 12:00:00,11,1,충남 홍성 홍북,0.01,71.8704833984375,False,17.46467027068138
5571,2025-06-07 15:00:00,14,1,전남 나주 봉황,0.1,70.0652084350586,False,11.01729616522789
5570,2025-06-08 16:00:00,14,2,충남 태안 원북,0.12,99.0694808959961,False,7.436546832323074
5569,2025-06-09 14:00:00,11,3,충남 공주 신풍,0.06,63.74279022216797,False,1.1546194553375244
5568,2025-06-09 17:00:00,14,3,전북 장수 천천,0.2,53.556793212890625,False,4.333483278751373
5567,2025-06-10 12:00:00,11,1,충남 금산 부리,0.16,6.369930744171143,False,2.4860921502113342
5545,2025-06-11 16:00:00,14,2,충남 서천 문산,0.01,71.2396469116211,False,1.8443574905395508
5549,2025-06-12 12:00:00,11,1,충남 보령 주교,0.04,85.83026123046875,True,34.0273303091526
5548,2025-06-12 16:00:00,14,2,전북 무주 적상,0.3,41.29953384399414,False,1.4851233959197998
5377,2025-06-13 14:00:00,11,3,경기 양평 양서,0.03,6.948723793029785,False,6.4791439473629
5376,2025-06-13 16:00:00,14,2,경남 김해 상동,0.04,71.2057113647461,False,0.6897380352020264
5543,2025-06-14 16:00:00,14,2,서울 종로 nan,0.02,1.040544867515564,True,948.4910120666027
